,Business,City,Price,Review,ID
0,Pike Place Chowder,Seattle,2,5,6I28wDuMBR5WLMqfKxaoeg
1,Pike Place Chowder,Seattle,2,5,6I28wDuMBR5WLMqfKxaoeg
2,Pike Place Chowder,Seattle,2,4,6I28wDuMBR5WLMqfKxaoeg
3,Piroshky Piroshky,Seattle,1,5,NxwrJPJLzTs0k0DQ-QCo1A
4,Piroshky Piroshky,Seattle,1,5,NxwrJPJLzTs0k0DQ-QCo1A
5,Piroshky Piroshky,Seattle,1,5,NxwrJPJLzTs0k0DQ-QCo1A
6,The Pink Door,Seattle,2,5,VOPdG8llLPaga9iJxXcMuQ
7,The Pink Door,Seattle,2,5,VOPdG8llLPaga9iJxXcMuQ
8,The Pink Door,Seattle,2,4,VOPdG8llLPaga9iJxXcMuQ
9,Paseo,Seattle,2,5,Wk9f5Zpnu4T6Vzf6CF5iuA
10,Paseo,Seattle,2,5,Wk9f5Zpnu4T6Vzf6CF5iuA
11,Paseo,Seattle,2,5,Wk9f5Zpnu4T6Vzf6CF5iuA
12,Japonessa Sushi Cocina,Seattle,2,5,L8RRAd-JZ0Bd4MER0yyX-g
13,Japonessa Sushi Cocina,Seattle,2,1,L8RRAd-JZ0Bd4MER0yyX-g
14,Japonessa Sushi Cocina,Seattle,2,4,L8RRAd-JZ0Bd4MER0yyX-g
15,Serious Pie,Seattle,2,5,-FOAQv22SXtSBs7nptI3UA
16,Serious Pie,Seattle,2,5,-FOAQv22SXtSBs7nptI3UA
17,Serious Pie,Seattle,2,4,-FOAQv22SXtSBs7nptI3UA
18,Pike Place Market,Seattle,2,5,5pU9Ahv7ow4XRyhjeE754A
19,Pike Place Market,Seattle,2,5,5pU9Ahv7ow4XRyhjeE754A
20,Pike Place Market,Seattle,2,5,5pU9Ahv7ow4XRyhjeE754A
21,Lola,Seattle,2,5,oq5KCmPFKV28BnB4hjpo_g
22,Lola,Seattle,2,4,oq5KCmPFKV28BnB4hjpo_g
23,Lola,Seattle,2,5,oq5KCmPFKV28BnB4hjpo_g
24,Toulouse Petit Kitchen & Lounge,Seattle,2,5,r2qcG59sAqqptnwL4aJGhg
25,Toulouse Petit Kitchen & Lounge,Seattle,2,1,r2qcG59sAqqptnwL4aJGhg
26,Toulouse Petit Kitchen & Lounge,Seattle,2,3,r2qcG59sAqqptnwL4aJGhg
27,Din Tai Fung,Seattle,2,4,ywXCcLbaf6yDfIm84QxZPQ
28,Din Tai Fung,Seattle,2,5,ywXCcLbaf6yDfIm84QxZPQ
29,Din Tai Fung,Seattle,2,4,ywXCcLbaf6yDfIm84QxZPQ
30,Biscuit Bitch,Seattle,1,5,09FLRYnePKcUwGDDPIOAkg
31,Biscuit Bitch,Seattle,1,5,09FLRYnePKcUwGDDPIOAkg
32,Biscuit Bitch,Seattle,1,3,09FLRYnePKcUwGDDPIOAkg
33,Elliott's Oyster House,Seattle,3,5,xqH038QcquJEMm5LIZHd5w
34,Elliott's Oyster House,Seattle,3,3,xqH038QcquJEMm5LIZHd5w
35,Elliott's Oyster House,Seattle,3,5,xqH038QcquJEMm5LIZHd5w
36,Umi Sake House,Seattle,2,5,EWrDx-M8HJpR0wVJHrflNg
37,Umi Sake House,Seattle,2,5,EWrDx-M8HJpR0wVJHrflNg
38,Umi Sake House,Seattle,2,1,EWrDx-M8HJpR0wVJHrflNg
39,Starbucks Reserve Roastery Seattle,Seattle,2,5,6ZKNFPLWRIVWshUkMNlgng
40,Starbucks Reserve Roastery Seattle,Seattle,2,5,6ZKNFPLWRIVWshUkMNlgng
41,Starbucks Reserve Roastery Seattle,Seattle,2,5,6ZKNFPLWRIVWshUkMNlgng
42,Beecher's Handmade Cheese,Seattle,1,5,mNdz7zdezTkiuk8S-cIKxg
43,Beecher's Handmade Cheese,Seattle,1,5,mNdz7zdezTkiuk8S-cIKxg
44,Beecher's Handmade Cheese,Seattle,1,5,mNdz7zdezTkiuk8S-cIKxg
45,Purple Café and Wine Bar,Seattle,3,5,Mh5o8RtQNNUxhoJe6BxVkg
46,Purple Café and Wine Bar,Seattle,3,4,Mh5o8RtQNNUxhoJe6BxVkg
47,Purple Café and Wine Bar,Seattle,3,4,Mh5o8RtQNNUxhoJe6BxVkg
48,Portage Bay Cafe - Roosevelt,Seattle,2,5,6OVriioGG7w7Nwq5Q25WtA
49,Portage Bay Cafe - Roosevelt,Seattle,2,5,6OVriioGG7w7Nwq5Q25WtA
50,Portage Bay Cafe - Roosevelt,Seattle,2,1,6OVriioGG7w7Nwq5Q25WtA
51,Le Panier French Bakery,Seattle,1,5,Eh-7d5coQltQfQWAtWnPyg
52,Le Panier French Bakery,Seattle,1,5,Eh-7d5coQltQfQWAtWnPyg
53,Le Panier French Bakery,Seattle,1,4,Eh-7d5coQltQfQWAtWnPyg
54,The Crumpet Shop,Seattle,1,5,aX2ctpgS9uvFDfdzCXjecA
55,The Crumpet Shop,Seattle,1,5,aX2ctpgS9uvFDfdzCXjecA
56,The Crumpet Shop,Seattle,1,5,aX2ctpgS9uvFDfdzCXjecA
57,The Crab Pot Seattle,Seattle,3,4,A_Qxu5oMm2FxS8jtkAnXWw
58,The Crab Pot Seattle,Seattle,3,3,A_Qxu5oMm2FxS8jtkAnXWw
59,The Crab Pot Seattle,Seattle,3,5,A_Qxu5oMm2FxS8jtkAnXWw
60,Thai Tom,Seattle,1,5,9YeSEzr8HZMCuQlAyr8FPw
61,Thai Tom,Seattle,1,1,9YeSEzr8HZMCuQlAyr8FPw
62,Thai Tom,Seattle,1,4,9YeSEzr8HZMCuQlAyr8FPw
63,Din Tai Fung,Seattle,2,5,ud5NuBZka9lVZdRlhQDrjQ
64,Din Tai Fung,Seattle,2,5,ud5NuBZka9lVZdRlhQDrjQ
65,Din Tai Fung,Seattle,2,4,ud5NuBZka9lVZdRlhQDrjQ
66,Shiro's,Seattle,3,5,YSQiqH7RIWORk_Qp-A4SOg
67,Shiro's,Seattle,3,5,YSQiqH7RIWORk_Qp-A4SOg
68,Shiro's,Seattle,3,5,YSQiqH7RIWORk_Qp-A4SOg
69,Portage Bay Cafe - South Lake Union,Seattle,2,5,amt8Lh3McSwoE_hmA1C1Aw
70,Portage Bay Cafe - South Lake Union,Seattle,2,4,amt8Lh3McSwoE_hmA1C1Aw
71,Portage Bay Cafe - South Lake Union,Seattle,2,5,amt8Lh3McSwoE_hmA1C1Aw
72,Tilikum Place Cafe,Seattle,2,5,NaGkRnNbLcJdI8cF8JE3hw
73,Tilikum Place Cafe,Seattle,2,5,NaGkRnNbLcJdI8cF8JE3hw
74,Tilikum Place Cafe,Seattle,2,4,NaGkRnNbLcJdI8cF8JE3hw
75,The 5 Point Café,Seattle,2,4,uss4btLte2_X8SdM9FPPkg
76,The 5 Point Café,Seattle,2,1,uss4btLte2_X8SdM9FPPkg
77,The 5 Point Café,Seattle,2,1,uss4btLte2_X8SdM9FPPkg
78,Molly Moon's Homemade Ice Cream,Seattle,1,5,Pd_8h8L3hMABR3EEMhRCRA
79,Molly Moon's Homemade Ice Cream,Seattle,1,4,Pd_8h8L3hMABR3EEMhRCRA
80,Molly Moon's Homemade Ice Cream,Seattle,1,3,Pd_8h8L3hMABR3EEMhRCRA
81,Salty's,Seattle,3,4,IWZNSvdNJVfXMePsNTk4JQ
82,Salty's,Seattle,3,2,IWZNSvdNJVfXMePsNTk4JQ
83,Salty's,Seattle,3,1,IWZNSvdNJVfXMePsNTk4JQ
84,Skillet Capitol Hill,Seattle,2,5,BQhcvUAbrqzsLsew1STD-w
85,Skillet Capitol Hill,Seattle,2,4,BQhcvUAbrqzsLsew1STD-w
86,Skillet Capitol Hill,Seattle,2,4,BQhcvUAbrqzsLsew1STD-w
87,List,Seattle,2,5,GrFxdNfPvdlVrueRY7XERg
88,List,Seattle,2,3,GrFxdNfPvdlVrueRY7XERg
89,List,Seattle,2,5,GrFxdNfPvdlVrueRY7XERg
90,Facing East,Seattle,2,5,vTeHclzyrWygJybfv0h5OA
91,Facing East,Seattle,2,4,vTeHclzyrWygJybfv0h5OA
92,Facing East,Seattle,2,4,vTeHclzyrWygJybfv0h5OA
93,Ellenos Real Greek Yogurt,Seattle,1,5,CKxp6p22ipCo94iLieXzbQ
94,Ellenos Real Greek Yogurt,Seattle,1,5,CKxp6p22ipCo94iLieXzbQ
95,Ellenos Real Greek Yogurt,Seattle,1,5,CKxp6p22ipCo94iLieXzbQ
96,Top Pot Doughnuts,Seattle,1,5,b1p0bl4BriQRfnn1mjHf5w
97,Top Pot Doughnuts,Seattle,1,5,b1p0bl4BriQRfnn1mjHf5w
98,Top Pot Doughnuts,Seattle,1,2,b1p0bl4BriQRfnn1mjHf5w
99,Metropolitan Grill,Seattle,4,5,lxvncNXJKThTmLmARv72pA
100,Metropolitan Grill,Seattle,4,5,lxvncNXJKThTmLmARv72pA
101,Metropolitan Grill,Seattle,4,5,lxvncNXJKThTmLmARv72pA
102,Serious Pie & Biscuit,Seattle,2,5,0cqa2F_cfIjxAC3nqw__1w
103,Serious Pie & Biscuit,Seattle,2,4,0cqa2F_cfIjxAC3nqw__1w
104,Serious Pie & Biscuit,Seattle,2,5,0cqa2F_cfIjxAC3nqw__1w
105,Storyville Coffee Company,Seattle,2,5,FVzl8rDPiTWEtrNEuCu-Xg
106,Storyville Coffee Company,Seattle,2,4,FVzl8rDPiTWEtrNEuCu-Xg
107,Storyville Coffee Company,Seattle,2,4,FVzl8rDPiTWEtrNEuCu-Xg
108,Tacos Chukis,Seattle,1,5,pzjQKP3PEkclhSD-mFn7jA
109,Tacos Chukis,Seattle,1,5,pzjQKP3PEkclhSD-mFn7jA
110,Tacos Chukis,Seattle,1,5,pzjQKP3PEkclhSD-mFn7jA
111,8oz Burger & Co,Seattle,2,5,smOVPL87Q0XHACrVMPa8qw
112,8oz Burger & Co,Seattle,2,5,smOVPL87Q0XHACrVMPa8qw
113,8oz Burger & Co,Seattle,2,4,smOVPL87Q0XHACrVMPa8qw
114,Harbor City Restaurant,Seattle,2,4,OjX2LacSZd_w2Olmx55HJA
115,Harbor City Restaurant,Seattle,2,5,OjX2LacSZd_w2Olmx55HJA
116,Harbor City Restaurant,Seattle,2,5,OjX2LacSZd_w2Olmx55HJA
117,The Walrus and the Carpenter,Seattle,2,5,9OXEAAPONxcA2PQO75fnJQ
118,The Walrus and the Carpenter,Seattle,2,5,9OXEAAPONxcA2PQO75fnJQ
119,The Walrus and the Carpenter,Seattle,2,2,9OXEAAPONxcA2PQO75fnJQ
120,Dahlia Lounge,Seattle,2,5,iHG_OTRDZs3WyxVeDA_gKQ
121,Dahlia Lounge,Seattle,2,3,iHG_OTRDZs3WyxVeDA_gKQ
122,Dahlia Lounge,Seattle,2,4,iHG_OTRDZs3WyxVeDA_gKQ
123,Wasabi Sushi & Izakaya,Seattle,2,5,cFTq5MmBDPb_VEqQXPw2Dw
124,Wasabi Sushi & Izakaya,Seattle,2,4,cFTq5MmBDPb_VEqQXPw2Dw
125,Wasabi Sushi & Izakaya,Seattle,2,3,cFTq5MmBDPb_VEqQXPw2Dw
126,Wild Ginger,Seattle,2,4,PkI2z4M1SgPkgVOMuHtuCg
127,Wild Ginger,Seattle,2,5,PkI2z4M1SgPkgVOMuHtuCg
128,Wild Ginger,Seattle,2,2,PkI2z4M1SgPkgVOMuHtuCg
129,Von's 1000 Spirits,Seattle,2,5,Lw7NmZ3j-WEye97ywEmkXQ
130,Von's 1000 Spirits,Seattle,2,4,Lw7NmZ3j-WEye97ywEmkXQ
131,Von's 1000 Spirits,Seattle,2,4,Lw7NmZ3j-WEye97ywEmkXQ
132,Taste of India,Seattle,2,5,7F473Qfy0eRD6_5lgfWTSA
133,Taste of India,Seattle,2,5,7F473Qfy0eRD6_5lgfWTSA
134,Taste of India,Seattle,2,5,7F473Qfy0eRD6_5lgfWTSA
135,Steelhead Diner,Seattle,2,4,UoDpuMVth1qUVapDz6caXQ
136,Steelhead Diner,Seattle,2,2,UoDpuMVth1qUVapDz6caXQ
137,Steelhead Diner,Seattle,2,3,UoDpuMVth1qUVapDz6caXQ
138,Plum Bistro,Seattle,2,5,djjEdAZkY4eyzI3_8TBLVA
139,Plum Bistro,Seattle,2,5,djjEdAZkY4eyzI3_8TBLVA
140,Plum Bistro,Seattle,2,5,djjEdAZkY4eyzI3_8TBLVA
141,Lowell's Restaurant,Seattle,2,4,G0rZd0e7KdgjL9tX0CqVug
142,Lowell's Restaurant,Seattle,2,2,G0rZd0e7KdgjL9tX0CqVug
143,Lowell's Restaurant,Seattle,2,2,G0rZd0e7KdgjL9tX0CqVug
144,Din Tai Fung,Seattle,2,5,ZCtSkAulGzhWd1o0oWbYgQ
145,Din Tai Fung,Seattle,2,5,ZCtSkAulGzhWd1o0oWbYgQ
146,Din Tai Fung,Seattle,2,4,ZCtSkAulGzhWd1o0oWbYgQ
147,Canlis,Seattle,4,5,FrHhYevaOhs40xpuOpQiHg
148,Canlis,Seattle,4,5,FrHhYevaOhs40xpuOpQiHg
149,Canlis,Seattle,4,5,FrHhYevaOhs40xpuOpQiHg
150,Jade Garden,Seattle,2,4,GoWeog3TbHM6SL9dL_AnTA
151,Jade Garden,Seattle,2,5,GoWeog3TbHM6SL9dL_AnTA
152,Jade Garden,Seattle,2,4,GoWeog3TbHM6SL9dL_AnTA
153,Pie Bar,Seattle,2,5,dxFKEFMHQM2a1XtlmnaWiA
154,Pie Bar,Seattle,2,5,dxFKEFMHQM2a1XtlmnaWiA
155,Pie Bar,Seattle,2,5,dxFKEFMHQM2a1XtlmnaWiA
156,Fogón Cocina Mexicana,Seattle,2,5,JQAKcOzObl2I7vLKZLkBdQ
157,Fogón Cocina Mexicana,Seattle,2,5,JQAKcOzObl2I7vLKZLkBdQ
158,Fogón Cocina Mexicana,Seattle,2,5,JQAKcOzObl2I7vLKZLkBdQ
159,Palisade,Seattle,3,5,2FS5eBVcFJ_W461ylUs38Q
160,Palisade,Seattle,3,3,2FS5eBVcFJ_W461ylUs38Q
161,Palisade,Seattle,3,5,2FS5eBVcFJ_W461ylUs38Q
162,13 Coins Restaurant,Seattle,2,4,jumkhxyW9r1QimpwlG8f_w
163,13 Coins Restaurant,Seattle,2,5,jumkhxyW9r1QimpwlG8f_w
164,13 Coins Restaurant,Seattle,2,4,jumkhxyW9r1QimpwlG8f_w
165,Momiji,Seattle,2,5,vs5dhED5Yf8kqPp06OD2QQ
166,Momiji,Seattle,2,5,vs5dhED5Yf8kqPp06OD2QQ
167,Momiji,Seattle,2,5,vs5dhED5Yf8kqPp06OD2QQ
168,Beth's Cafe,Seattle,2,4,0PJ-liH3XUQtXZU2iQxBHw
169,Beth's Cafe,Seattle,2,5,0PJ-liH3XUQtXZU2iQxBHw
170,Beth's Cafe,Seattle,2,1,0PJ-liH3XUQtXZU2iQxBHw
171,Pike Brewing Company,Seattle,2,5,9OlCkeK4TpBbQ76VPDOdYw
172,Pike Brewing Company,Seattle,2,2,9OlCkeK4TpBbQ76VPDOdYw
173,Pike Brewing Company,Seattle,2,3,9OlCkeK4TpBbQ76VPDOdYw
174,Biscuit Bitch,Seattle,1,5,IeLDRhva7CJ3EXuYw5xgVg
175,Biscuit Bitch,Seattle,1,5,IeLDRhva7CJ3EXuYw5xgVg
176,Biscuit Bitch,Seattle,1,4,IeLDRhva7CJ3EXuYw5xgVg
177,HoneyHole Sandwiches,Seattle,2,5,seXhmf0ry1gFsmLUDues5w
178,HoneyHole Sandwiches,Seattle,2,4,seXhmf0ry1gFsmLUDues5w
179,HoneyHole Sandwiches,Seattle,2,4,seXhmf0ry1gFsmLUDues5w
180,Sweet Iron Waffles,Seattle,1,5,CQRJ0fwKGsJfXxXFNY9F0g
181,Sweet Iron Waffles,Seattle,1,3,CQRJ0fwKGsJfXxXFNY9F0g
182,Sweet Iron Waffles,Seattle,1,5,CQRJ0fwKGsJfXxXFNY9F0g
183,Rocco's,Seattle,2,5,1rkgyfwzXG7qSdVZdfRt7g
184,Rocco's,Seattle,2,5,1rkgyfwzXG7qSdVZdfRt7g
185,Rocco's,Seattle,2,5,1rkgyfwzXG7qSdVZdfRt7g
186,Revel,Seattle,2,5,Qo-l9tezF_ApTFzUhnPK1w
187,Revel,Seattle,2,3,Qo-l9tezF_ApTFzUhnPK1w
188,Revel,Seattle,2,5,Qo-l9tezF_ApTFzUhnPK1w
189,Salumi Artisan Cured Meats,Seattle,2,5,T7XmistL2pQrW3hY3oTpng
190,Salumi Artisan Cured Meats,Seattle,2,3,T7XmistL2pQrW3hY3oTpng
191,Salumi Artisan Cured Meats,Seattle,2,5,T7XmistL2pQrW3hY3oTpng
192,Moctezuma's Mexican Restaurant & Tequila Bar,Seattle,2,4,32VKRJRFgVTI9w2AhY_grA
193,Moctezuma's Mexican Restaurant & Tequila Bar,Seattle,2,3,32VKRJRFgVTI9w2AhY_grA
194,Moctezuma's Mexican Restaurant & Tequila Bar,Seattle,2,4,32VKRJRFgVTI9w2AhY_grA
195,Tamarind Tree,Seattle,2,5,E4PzUSFuduzS6tLmGgosoQ
196,Tamarind Tree,Seattle,2,5,E4PzUSFuduzS6tLmGgosoQ
197,Tamarind Tree,Seattle,2,5,E4PzUSFuduzS6tLmGgosoQ
198,Cutters Crabhouse,Seattle,2,5,ZZ95hfUvppoVvVIXB8Ew_w
199,Cutters Crabhouse,Seattle,2,1,ZZ95hfUvppoVvVIXB8Ew_w
200,Cutters Crabhouse,Seattle,2,5,ZZ95hfUvppoVvVIXB8Ew_w
201,Wally's Chowder House & Broiler,Seattle,2,5,QKIH0ALmEGsRuFRDRRn9oQ
202,Wally's Chowder House & Broiler,Seattle,2,5,QKIH0ALmEGsRuFRDRRn9oQ
203,Wally's Chowder House & Broiler,Seattle,2,4,QKIH0ALmEGsRuFRDRRn9oQ
204,Bakery Nouveau,Seattle,1,5,Bc0odaNt6wsRPzRQQ63QEw
205,Bakery Nouveau,Seattle,1,5,Bc0odaNt6wsRPzRQQ63QEw
206,Bakery Nouveau,Seattle,1,3,Bc0odaNt6wsRPzRQQ63QEw
207,Etta's,Seattle,2,4,1T4v3kD1WzonYPf7izSP9Q
208,Etta's,Seattle,2,3,1T4v3kD1WzonYPf7izSP9Q
209,Etta's,Seattle,2,4,1T4v3kD1WzonYPf7izSP9Q
210,John Howie Steak Restaurant,Seattle,4,5,dO7WB-1iPb6CFc_f7t90pA
211,John Howie Steak Restaurant,Seattle,4,5,dO7WB-1iPb6CFc_f7t90pA
212,John Howie Steak Restaurant,Seattle,4,4,dO7WB-1iPb6CFc_f7t90pA
213,Ivar's Acres of Clams,Seattle,2,4,egty45DOptyWQDJosNHFrQ
214,Ivar's Acres of Clams,Seattle,2,3,egty45DOptyWQDJosNHFrQ
215,Ivar's Acres of Clams,Seattle,2,4,egty45DOptyWQDJosNHFrQ
216,Quinn's,Seattle,2,5,7Oj8IKp1pibP4huWecsQ6A
217,Quinn's,Seattle,2,5,7Oj8IKp1pibP4huWecsQ6A
218,Quinn's,Seattle,2,4,7Oj8IKp1pibP4huWecsQ6A
219,Il Corvo Pasta,Seattle,2,5,67QmiVYdCbG4PRmF61A5bw
220,Il Corvo Pasta,Seattle,2,5,67QmiVYdCbG4PRmF61A5bw
221,Il Corvo Pasta,Seattle,2,5,67QmiVYdCbG4PRmF61A5bw
222,Starbucks,Seattle,1,5,WenW2lde-vQ8rZDI0kQL8A
223,Starbucks,Seattle,1,1,WenW2lde-vQ8rZDI0kQL8A
224,Starbucks,Seattle,1,4,WenW2lde-vQ8rZDI0kQL8A
225,Bai Tong Thai Restaurant,Seattle,2,5,zNE-dO7Pr7_j2mkyZV3_Hg
226,Bai Tong Thai Restaurant,Seattle,2,4,zNE-dO7Pr7_j2mkyZV3_Hg
227,Bai Tong Thai Restaurant,Seattle,2,3,zNE-dO7Pr7_j2mkyZV3_Hg
228,Lot No. 3,Seattle,2,5,mrFz_wcsRmDyh_yyD-loqg
229,Lot No. 3,Seattle,2,3,mrFz_wcsRmDyh_yyD-loqg
230,Lot No. 3,Seattle,2,4,mrFz_wcsRmDyh_yyD-loqg
231,Ba Bar,Seattle,2,5,IAtb94IYM9W7eochBRPoKA
232,Ba Bar,Seattle,2,4,IAtb94IYM9W7eochBRPoKA
233,Ba Bar,Seattle,2,5,IAtb94IYM9W7eochBRPoKA
234,Hot Cakes Molten Chocolate Cakery,Seattle,2,5,4IU-zvKxxScUhMg3hVo_FA
235,Hot Cakes Molten Chocolate Cakery,Seattle,2,4,4IU-zvKxxScUhMg3hVo_FA
236,Hot Cakes Molten Chocolate Cakery,Seattle,2,3,4IU-zvKxxScUhMg3hVo_FA
237,Kizuki Ramen & Izakaya,Seattle,2,5,cHdeTxAl2Z6zZKUtyeJHaA
238,Kizuki Ramen & Izakaya,Seattle,2,3,cHdeTxAl2Z6zZKUtyeJHaA
239,Kizuki Ramen & Izakaya,Seattle,2,5,cHdeTxAl2Z6zZKUtyeJHaA
240,Red Mill Burgers,Seattle,2,5,aSh2Nz2WoQn6m8g256OxcA
241,Red Mill Burgers,Seattle,2,5,aSh2Nz2WoQn6m8g256OxcA
242,Red Mill Burgers,Seattle,2,3,aSh2Nz2WoQn6m8g256OxcA
243,La Carta de Oaxaca,Seattle,2,5,s4TBcqOpkoZnjnyGmO_7_w
244,La Carta de Oaxaca,Seattle,2,5,s4TBcqOpkoZnjnyGmO_7_w
245,La Carta de Oaxaca,Seattle,2,2,s4TBcqOpkoZnjnyGmO_7_w
246,Kizuki Ramen & Izakaya,Seattle,2,5,sGfcU6Tf3EYZXPNBwQK0jg
247,Kizuki Ramen & Izakaya,Seattle,2,5,sGfcU6Tf3EYZXPNBwQK0jg
248,Kizuki Ramen & Izakaya,Seattle,2,5,sGfcU6Tf3EYZXPNBwQK0jg
249,Bai Tong Thai Restaurant,Seattle,2,4,qOF1Cu8LRGQCTe5pfJp-OQ
250,Bai Tong Thai Restaurant,Seattle,2,5,qOF1Cu8LRGQCTe5pfJp-OQ
251,Bai Tong Thai Restaurant,Seattle,2,5,qOF1Cu8LRGQCTe5pfJp-OQ
252,Molly Moon's Homemade Ice Cream,Seattle,2,5,7DwqCE8mHqlDw_oZ2VfdBg
253,Molly Moon's Homemade Ice Cream,Seattle,2,5,7DwqCE8mHqlDw_oZ2VfdBg
254,Molly Moon's Homemade Ice Cream,Seattle,2,5,7DwqCE8mHqlDw_oZ2VfdBg
255,Radiator Whiskey,Seattle,2,5,ps9ZlLoLYTfK87IjW9REfg
256,Radiator Whiskey,Seattle,2,3,ps9ZlLoLYTfK87IjW9REfg
257,Radiator Whiskey,Seattle,2,5,ps9ZlLoLYTfK87IjW9REfg
258,Uneeda Burger,Seattle,2,5,xcZZ0Gm81bl8xQfvws231A
259,Uneeda Burger,Seattle,2,5,xcZZ0Gm81bl8xQfvws231A
260,Uneeda Burger,Seattle,2,5,xcZZ0Gm81bl8xQfvws231A
261,DERU Market,Seattle,2,5,waj58I-aQwRgty3H_vo5OQ
262,DERU Market,Seattle,2,5,waj58I-aQwRgty3H_vo5OQ
263,DERU Market,Seattle,2,5,waj58I-aQwRgty3H_vo5OQ
264,Geraldine's Counter,Seattle,2,5,VA4pB-l76sunIqCFFP-6lg
265,Geraldine's Counter,Seattle,2,4,VA4pB-l76sunIqCFFP-6lg
266,Geraldine's Counter,Seattle,2,5,VA4pB-l76sunIqCFFP-6lg
267,Ivar's Salmon House,Seattle,2,4,gP921Ghfb7ERWmOjl7r-ng
268,Ivar's Salmon House,Seattle,2,1,gP921Ghfb7ERWmOjl7r-ng
269,Ivar's Salmon House,Seattle,2,4,gP921Ghfb7ERWmOjl7r-ng
270,Blueacre Seafood,Seattle,3,4,sjcNiTr1YjpbFOMKkakH4Q
271,Blueacre Seafood,Seattle,3,3,sjcNiTr1YjpbFOMKkakH4Q
272,Blueacre Seafood,Seattle,3,3,sjcNiTr1YjpbFOMKkakH4Q
273,Cafe Flora,Seattle,2,5,9nJlVsm9GEz6DFhK5ckaYA
274,Cafe Flora,Seattle,2,3,9nJlVsm9GEz6DFhK5ckaYA
275,Cafe Flora,Seattle,2,3,9nJlVsm9GEz6DFhK5ckaYA
276,Barrio Mexican Kitchen & Bar,Seattle,2,4,jDMRkUp1o-CI-FkUa0Xgcg
277,Barrio Mexican Kitchen & Bar,Seattle,2,3,jDMRkUp1o-CI-FkUa0Xgcg
278,Barrio Mexican Kitchen & Bar,Seattle,2,4,jDMRkUp1o-CI-FkUa0Xgcg
279,El Gaucho,Seattle,4,5,b4Iw-XvcstHPYaSIAsL0fg
280,El Gaucho,Seattle,4,4,b4Iw-XvcstHPYaSIAsL0fg
281,El Gaucho,Seattle,4,4,b4Iw-XvcstHPYaSIAsL0fg
282,Tipsy Cow Burger Bar - Redmond,Seattle,2,5,ptobCLHPk5dzuBEIjWumAw
283,Tipsy Cow Burger Bar - Redmond,Seattle,2,5,ptobCLHPk5dzuBEIjWumAw
284,Tipsy Cow Burger Bar - Redmond,Seattle,2,5,ptobCLHPk5dzuBEIjWumAw
285,Lunchbox Laboratory,Seattle,2,5,GXx9scBeTooRK1fcB4U61g
286,Lunchbox Laboratory,Seattle,2,3,GXx9scBeTooRK1fcB4U61g
287,Lunchbox Laboratory,Seattle,2,3,GXx9scBeTooRK1fcB4U61g
288,Saffron Grill,Seattle,2,5,tLxTMe3_LLvYxPAAFH62Zg
289,Saffron Grill,Seattle,2,4,tLxTMe3_LLvYxPAAFH62Zg
290,Saffron Grill,Seattle,2,4,tLxTMe3_LLvYxPAAFH62Zg
291,Sharps Roasthouse,Seattle,2,5,WvQkCs_C_HCfGUFUA0_-hQ
292,Sharps Roasthouse,Seattle,2,4,WvQkCs_C_HCfGUFUA0_-hQ
293,Sharps Roasthouse,Seattle,2,4,WvQkCs_C_HCfGUFUA0_-hQ
294,Maneki,Seattle,2,5,M5gjalaqrlkVm55RHqiaaA
295,Maneki,Seattle,2,4,M5gjalaqrlkVm55RHqiaaA
296,Maneki,Seattle,2,4,M5gjalaqrlkVm55RHqiaaA
297,Oddfellows Cafe & Bar,Seattle,2,5,NednVdCzgm5KgVUe_HfHoA
298,Oddfellows Cafe & Bar,Seattle,2,1,NednVdCzgm5KgVUe_HfHoA
299,Oddfellows Cafe & Bar,Seattle,2,5,NednVdCzgm5KgVUe_HfHoA
300,Girl & the Goat,Chicago,3,5,qjnpkS8yZO8xcyEIy5OU9A
301,Girl & the Goat,Chicago,3,3,qjnpkS8yZO8xcyEIy5OU9A
302,Girl & the Goat,Chicago,3,4,qjnpkS8yZO8xcyEIy5OU9A
303,Wildberry Pancakes and Cafe,Chicago,2,5,cKZNbMvoqJaUe7n6lf6i7w
304,Wildberry Pancakes and Cafe,Chicago,2,5,cKZNbMvoqJaUe7n6lf6i7w
305,Wildberry Pancakes and Cafe,Chicago,2,5,cKZNbMvoqJaUe7n6lf6i7w
306,The Purple Pig,Chicago,2,5,boE4Ahsssqic7o5wQLI04w
307,The Purple Pig,Chicago,2,4,boE4Ahsssqic7o5wQLI04w
308,The Purple Pig,Chicago,2,4,boE4Ahsssqic7o5wQLI04w
309,Au Cheval,Chicago,2,5,xoi7Cw7FoknAx5p880RtWQ
310,Au Cheval,Chicago,2,1,xoi7Cw7FoknAx5p880RtWQ
311,Au Cheval,Chicago,2,4,xoi7Cw7FoknAx5p880RtWQ
312,Pequod's Pizzeria,Chicago,2,4,DXwSYgiXqIVNdO9dazel6w
313,Pequod's Pizzeria,Chicago,2,4,DXwSYgiXqIVNdO9dazel6w
314,Pequod's Pizzeria,Chicago,2,5,DXwSYgiXqIVNdO9dazel6w
315,Lou Malnati's Pizzeria,Chicago,2,5,8vFJH_paXsMocmEO_KAa3w
316,Lou Malnati's Pizzeria,Chicago,2,5,8vFJH_paXsMocmEO_KAa3w
317,Lou Malnati's Pizzeria,Chicago,2,5,8vFJH_paXsMocmEO_KAa3w
318,Portillo's Hot Dogs,Chicago,1,4,rp17Dfjdh7JR4GGZwj6nqg
319,Portillo's Hot Dogs,Chicago,1,5,rp17Dfjdh7JR4GGZwj6nqg
320,Portillo's Hot Dogs,Chicago,1,4,rp17Dfjdh7JR4GGZwj6nqg
321,Kuma's Corner - Belmont,Chicago,2,5,pVPyt3TugMd8FW5LGznkQQ
322,Kuma's Corner - Belmont,Chicago,2,4,pVPyt3TugMd8FW5LGznkQQ
323,Kuma's Corner - Belmont,Chicago,2,5,pVPyt3TugMd8FW5LGznkQQ
324,Quartino Ristorante,Chicago,2,5,ziIfrqtyupmeNlPAOx6jTw
325,Quartino Ristorante,Chicago,2,4,ziIfrqtyupmeNlPAOx6jTw
326,Quartino Ristorante,Chicago,2,3,ziIfrqtyupmeNlPAOx6jTw
327,Little Goat Diner,Chicago,2,5,-sdMTRmgExufOk6STZFi9w
328,Little Goat Diner,Chicago,2,4,-sdMTRmgExufOk6STZFi9w
329,Little Goat Diner,Chicago,2,5,-sdMTRmgExufOk6STZFi9w
330,Smoque BBQ,Chicago,2,5,LPwAwxEjetjdNh7Uadro3g
331,Smoque BBQ,Chicago,2,5,LPwAwxEjetjdNh7Uadro3g
332,Smoque BBQ,Chicago,2,5,LPwAwxEjetjdNh7Uadro3g
333,Cafe Ba-Ba-Reeba!,Chicago,2,5,y8jVBaHh8ntYkVqDXpsi1Q
334,Cafe Ba-Ba-Reeba!,Chicago,2,5,y8jVBaHh8ntYkVqDXpsi1Q
335,Cafe Ba-Ba-Reeba!,Chicago,2,4,y8jVBaHh8ntYkVqDXpsi1Q
336,Eataly - Chicago,Chicago,2,4,t2nXebM7aqTj_qq6saZ89g
337,Eataly - Chicago,Chicago,2,1,t2nXebM7aqTj_qq6saZ89g
338,Eataly - Chicago,Chicago,2,5,t2nXebM7aqTj_qq6saZ89g
339,Xoco,Chicago,2,5,jGiKIJCVLZHXQDSNnSLPsw
340,Xoco,Chicago,2,5,jGiKIJCVLZHXQDSNnSLPsw
341,Xoco,Chicago,2,4,jGiKIJCVLZHXQDSNnSLPsw
342,Piece Brewery and Pizzeria,Chicago,2,5,Z2nOMPedr7XYhgYhILJjEA
343,Piece Brewery and Pizzeria,Chicago,2,5,Z2nOMPedr7XYhgYhILJjEA
344,Piece Brewery and Pizzeria,Chicago,2,5,Z2nOMPedr7XYhgYhILJjEA
345,Three Dots and a Dash,Chicago,2,5,B_04jjMZjeGGKjaPcR3Kig
346,Three Dots and a Dash,Chicago,2,1,B_04jjMZjeGGKjaPcR3Kig
347,Three Dots and a Dash,Chicago,2,4,B_04jjMZjeGGKjaPcR3Kig
348,Big Star,Chicago,2,4,_StOUGMGMmENR44zAEoDrA
349,Big Star,Chicago,2,4,_StOUGMGMmENR44zAEoDrA
350,Big Star,Chicago,2,3,_StOUGMGMmENR44zAEoDrA
351,The Publican,Chicago,3,5,LMaoM2Ue2BR_HI9ba3JsZg
352,The Publican,Chicago,3,5,LMaoM2Ue2BR_HI9ba3JsZg
353,The Publican,Chicago,3,4,LMaoM2Ue2BR_HI9ba3JsZg
354,Crisp,Chicago,2,5,WBU0yq9J8qiYQfI_fh2P1Q
355,Crisp,Chicago,2,5,WBU0yq9J8qiYQfI_fh2P1Q
356,Crisp,Chicago,2,2,WBU0yq9J8qiYQfI_fh2P1Q
357,RPM Italian,Chicago,3,5,bQaiow1WcwwSODUo9hHOMQ
358,RPM Italian,Chicago,3,5,bQaiow1WcwwSODUo9hHOMQ
359,RPM Italian,Chicago,3,2,bQaiow1WcwwSODUo9hHOMQ
360,The Gage,Chicago,2,5,vvhfPV-Llkd4fE2SHuLVvA
361,The Gage,Chicago,2,2,vvhfPV-Llkd4fE2SHuLVvA
362,The Gage,Chicago,2,3,vvhfPV-Llkd4fE2SHuLVvA
363,Sunda Chicago,Chicago,3,5,8d_DiHWB-pjBVW3a7D8EWg
364,Sunda Chicago,Chicago,3,5,8d_DiHWB-pjBVW3a7D8EWg
365,Sunda Chicago,Chicago,3,4,8d_DiHWB-pjBVW3a7D8EWg
366,Molly's Cupcakes,Chicago,2,5,ULEy88tbRkbwnDOOBdUCUQ
367,Molly's Cupcakes,Chicago,2,5,ULEy88tbRkbwnDOOBdUCUQ
368,Molly's Cupcakes,Chicago,2,3,ULEy88tbRkbwnDOOBdUCUQ
369,Giordano's,Chicago,2,4,Bxd9Y2PsdvIOGIKFQh53RQ
370,Giordano's,Chicago,2,5,Bxd9Y2PsdvIOGIKFQh53RQ
371,Giordano's,Chicago,2,5,Bxd9Y2PsdvIOGIKFQh53RQ
372,Giordano's,Chicago,2,4,z_qEuUuRWIq4O-YufXHf1w
373,Giordano's,Chicago,2,2,z_qEuUuRWIq4O-YufXHf1w
374,Giordano's,Chicago,2,3,z_qEuUuRWIq4O-YufXHf1w
375,Batter & Berries,Chicago,2,5,9SY1qjFBIo8W48W6OTGWGg
376,Batter & Berries,Chicago,2,5,9SY1qjFBIo8W48W6OTGWGg
377,Batter & Berries,Chicago,2,5,9SY1qjFBIo8W48W6OTGWGg
378,Lou Malnati's Pizzeria,Chicago,2,5,cxAkuwv7p4gm4Coixw7h9A
379,Lou Malnati's Pizzeria,Chicago,2,5,cxAkuwv7p4gm4Coixw7h9A
380,Lou Malnati's Pizzeria,Chicago,2,3,cxAkuwv7p4gm4Coixw7h9A
381,Chicago Pizza And Oven Grinder Company,Chicago,2,5,QNbWTNuAEMWOurHN8rMXnA
382,Chicago Pizza And Oven Grinder Company,Chicago,2,5,QNbWTNuAEMWOurHN8rMXnA
383,Chicago Pizza And Oven Grinder Company,Chicago,2,5,QNbWTNuAEMWOurHN8rMXnA
384,"Joe's Seafood, Prime Steak & Stone Crab",Chicago,3,5,2tKMs0DbdxPSl2JeCJUEKw
385,"Joe's Seafood, Prime Steak & Stone Crab",Chicago,3,5,2tKMs0DbdxPSl2JeCJUEKw
386,"Joe's Seafood, Prime Steak & Stone Crab",Chicago,3,4,2tKMs0DbdxPSl2JeCJUEKw
387,Mindy's Hot Chocolate,Chicago,2,5,JR5TOTAgxBj4YLfNQ3Dljw
388,Mindy's Hot Chocolate,Chicago,2,4,JR5TOTAgxBj4YLfNQ3Dljw
389,Mindy's Hot Chocolate,Chicago,2,1,JR5TOTAgxBj4YLfNQ3Dljw
390,Longman & Eagle,Chicago,2,5,m5_GCJP2W4zEJnyVgxa3eA
391,Longman & Eagle,Chicago,2,4,m5_GCJP2W4zEJnyVgxa3eA
392,Longman & Eagle,Chicago,2,4,m5_GCJP2W4zEJnyVgxa3eA
393,Bavette's Bar & Boeuf,Chicago,3,5,apyIymDFbUK7u-Y3V5kmkA
394,Bavette's Bar & Boeuf,Chicago,3,4,apyIymDFbUK7u-Y3V5kmkA
395,Bavette's Bar & Boeuf,Chicago,3,5,apyIymDFbUK7u-Y3V5kmkA
396,Summer House Santa Monica,Chicago,2,4,5D5GiHm67V4thed30Etzhg
397,Summer House Santa Monica,Chicago,2,2,5D5GiHm67V4thed30Etzhg
398,Summer House Santa Monica,Chicago,2,4,5D5GiHm67V4thed30Etzhg
399,Tango Sur,Chicago,3,4,uyUKtGWLYgu-RLjlNImy0A
400,Tango Sur,Chicago,3,2,uyUKtGWLYgu-RLjlNImy0A
401,Tango Sur,Chicago,3,5,uyUKtGWLYgu-RLjlNImy0A
402,Gino's East - Magnificent Mile,Chicago,2,5,ibreTMGGaQSanZttUchjKg
403,Gino's East - Magnificent Mile,Chicago,2,4,ibreTMGGaQSanZttUchjKg
404,Gino's East - Magnificent Mile,Chicago,2,4,ibreTMGGaQSanZttUchjKg
405,Frontera Grill,Chicago,3,4,AqgG-1aD6JYj9D6OmBWO3w
406,Frontera Grill,Chicago,3,4,AqgG-1aD6JYj9D6OmBWO3w
407,Frontera Grill,Chicago,3,4,AqgG-1aD6JYj9D6OmBWO3w
408,Carnivale,Chicago,3,5,sfWMOqUEp8S2adDeJp7Kzg
409,Carnivale,Chicago,3,5,sfWMOqUEp8S2adDeJp7Kzg
410,Carnivale,Chicago,3,2,sfWMOqUEp8S2adDeJp7Kzg
411,MingHin Cuisine,Chicago,2,5,s1JPKx5lAeoq7QU8pmN-5A
412,MingHin Cuisine,Chicago,2,2,s1JPKx5lAeoq7QU8pmN-5A
413,MingHin Cuisine,Chicago,2,3,s1JPKx5lAeoq7QU8pmN-5A
414,Yolk - South Loop,Chicago,2,4,CwPi6NVuJIZZx4IBcTekFQ
415,Yolk - South Loop,Chicago,2,4,CwPi6NVuJIZZx4IBcTekFQ
416,Yolk - South Loop,Chicago,2,4,CwPi6NVuJIZZx4IBcTekFQ
417,Alinea,Chicago,4,5,pbEiXam9YJL3neCYHGwLUA
418,Alinea,Chicago,4,5,pbEiXam9YJL3neCYHGwLUA
419,Alinea,Chicago,4,5,pbEiXam9YJL3neCYHGwLUA
420,Sapori Trattoria,Chicago,2,5,LYppbvgJlBG0SqjSKFiFGg
421,Sapori Trattoria,Chicago,2,3,LYppbvgJlBG0SqjSKFiFGg
422,Sapori Trattoria,Chicago,2,4,LYppbvgJlBG0SqjSKFiFGg
423,RAMEN-SAN,Chicago,2,5,zIXZtgiir9CVF-iZeeAvaQ
424,RAMEN-SAN,Chicago,2,5,zIXZtgiir9CVF-iZeeAvaQ
425,RAMEN-SAN,Chicago,2,4,zIXZtgiir9CVF-iZeeAvaQ
426,Shaw's Crab House,Chicago,3,5,dKcO9OQ44RPRlkWe-vToFA
427,Shaw's Crab House,Chicago,3,5,dKcO9OQ44RPRlkWe-vToFA
428,Shaw's Crab House,Chicago,3,5,dKcO9OQ44RPRlkWe-vToFA
429,The Violet Hour,Chicago,2,5,oEFJ29zAQaCNnQzebHQvpg
430,The Violet Hour,Chicago,2,4,oEFJ29zAQaCNnQzebHQvpg
431,The Violet Hour,Chicago,2,4,oEFJ29zAQaCNnQzebHQvpg
432,Mercadito,Chicago,2,4,Sfx5Yb95Wav1aOa0Qkv1VA
433,Mercadito,Chicago,2,3,Sfx5Yb95Wav1aOa0Qkv1VA
434,Mercadito,Chicago,2,2,Sfx5Yb95Wav1aOa0Qkv1VA
435,Avec,Chicago,3,5,mvFimrcREBIDo-pLAhMfNg
436,Avec,Chicago,3,5,mvFimrcREBIDo-pLAhMfNg
437,Avec,Chicago,3,2,mvFimrcREBIDo-pLAhMfNg
438,Yolk - Streeterville,Chicago,2,4,o4MU9gK7epWUMv2WVW1qrA
439,Yolk - Streeterville,Chicago,2,4,o4MU9gK7epWUMv2WVW1qrA
440,Yolk - Streeterville,Chicago,2,5,o4MU9gK7epWUMv2WVW1qrA
441,Grand Lux Cafe,Chicago,2,5,4wreIFjaPMppyEnzKHbozg
442,Grand Lux Cafe,Chicago,2,4,4wreIFjaPMppyEnzKHbozg
443,Grand Lux Cafe,Chicago,2,5,4wreIFjaPMppyEnzKHbozg
444,Irazú Costa Rican Restaurant & Catering,Chicago,2,5,F7IQngaDDBgYvhA3U31q-g
445,Irazú Costa Rican Restaurant & Catering,Chicago,2,5,F7IQngaDDBgYvhA3U31q-g
446,Irazú Costa Rican Restaurant & Catering,Chicago,2,5,F7IQngaDDBgYvhA3U31q-g
447,Revolution Brewing,Chicago,2,4,OKOfoisduqP24uK3WYvx7Q
448,Revolution Brewing,Chicago,2,3,OKOfoisduqP24uK3WYvx7Q
449,Revolution Brewing,Chicago,2,4,OKOfoisduqP24uK3WYvx7Q
450,Chicago Diner,Chicago,2,5,o54U2VkQama8FI30qDkWvw
451,Chicago Diner,Chicago,2,4,o54U2VkQama8FI30qDkWvw
452,Chicago Diner,Chicago,2,5,o54U2VkQama8FI30qDkWvw
453,Volare Ristorante Italiano,Chicago,2,5,7vsOVA4wrHP6f3DMQdD8og
454,Volare Ristorante Italiano,Chicago,2,5,7vsOVA4wrHP6f3DMQdD8og
455,Volare Ristorante Italiano,Chicago,2,5,7vsOVA4wrHP6f3DMQdD8og
456,Hopleaf,Chicago,2,5,sR4EOfPuI-at41uIxIZPhw
457,Hopleaf,Chicago,2,4,sR4EOfPuI-at41uIxIZPhw
458,Hopleaf,Chicago,2,5,sR4EOfPuI-at41uIxIZPhw
459,Iberian Cafes,Chicago,3,4,gSMAmIma0SWC0qJnZeggnA
460,Iberian Cafes,Chicago,3,2,gSMAmIma0SWC0qJnZeggnA
461,Iberian Cafes,Chicago,3,3,gSMAmIma0SWC0qJnZeggnA
462,Del Seoul,Chicago,2,5,f1P5hZSitUEAC-mtXlBB7w
463,Del Seoul,Chicago,2,5,f1P5hZSitUEAC-mtXlBB7w
464,Del Seoul,Chicago,2,5,f1P5hZSitUEAC-mtXlBB7w
465,90 Miles Cuban Café,Chicago,2,5,mCHto10PBQOKnefm7gholg
466,90 Miles Cuban Café,Chicago,2,1,mCHto10PBQOKnefm7gholg
467,90 Miles Cuban Café,Chicago,2,5,mCHto10PBQOKnefm7gholg
468,DMK Burger Bar,Chicago,2,4,763ARZeDvQfhXZvkDlKtFw
469,DMK Burger Bar,Chicago,2,5,763ARZeDvQfhXZvkDlKtFw
470,DMK Burger Bar,Chicago,2,5,763ARZeDvQfhXZvkDlKtFw
471,Cafecito,Chicago,2,5,1hJYOI26FjCQ-Ce6iKAvug
472,Cafecito,Chicago,2,4,1hJYOI26FjCQ-Ce6iKAvug
473,Cafecito,Chicago,2,4,1hJYOI26FjCQ-Ce6iKAvug
474,Gibsons Bar & Steakhouse,Chicago,1,5,sNQglz_HoXgnUi1KTN3Iew
475,Gibsons Bar & Steakhouse,Chicago,1,5,sNQglz_HoXgnUi1KTN3Iew
476,Gibsons Bar & Steakhouse,Chicago,1,5,sNQglz_HoXgnUi1KTN3Iew
477,Honey Butter Fried Chicken,Chicago,2,5,eUlykGltBGH0RC5lkwx2eg
478,Honey Butter Fried Chicken,Chicago,2,5,eUlykGltBGH0RC5lkwx2eg
479,Honey Butter Fried Chicken,Chicago,2,5,eUlykGltBGH0RC5lkwx2eg
480,Lula Cafe,Chicago,1,5,4i1Ny2zIE1VJSU9gLMkHqg
481,Lula Cafe,Chicago,1,4,4i1Ny2zIE1VJSU9gLMkHqg
482,Lula Cafe,Chicago,1,3,4i1Ny2zIE1VJSU9gLMkHqg
483,Beatrix River North,Chicago,2,5,zXDVdB7jofrt1IWODlOtUA
484,Beatrix River North,Chicago,2,4,zXDVdB7jofrt1IWODlOtUA
485,Beatrix River North,Chicago,2,4,zXDVdB7jofrt1IWODlOtUA
486,Eleven City Diner,Chicago,2,4,BPg56t_UUCjZCK6i0o6xkQ
487,Eleven City Diner,Chicago,2,3,BPg56t_UUCjZCK6i0o6xkQ
488,Eleven City Diner,Chicago,2,3,BPg56t_UUCjZCK6i0o6xkQ
489,Gene & Jude's,Chicago,2,5,QKOqKdcL2bTG4XLfA0ukhA
490,Gene & Jude's,Chicago,2,5,QKOqKdcL2bTG4XLfA0ukhA
491,Gene & Jude's,Chicago,2,2,QKOqKdcL2bTG4XLfA0ukhA
492,Greek Islands Restaurant,Chicago,2,5,_UJ3KqtHIHjExbAg-iIGUA
493,Greek Islands Restaurant,Chicago,2,2,_UJ3KqtHIHjExbAg-iIGUA
494,Greek Islands Restaurant,Chicago,2,5,_UJ3KqtHIHjExbAg-iIGUA
495,Bandera Restaurant,Chicago,2,5,fJhF5Yy4nguguaaH3TabmQ
496,Bandera Restaurant,Chicago,2,3,fJhF5Yy4nguguaaH3TabmQ
497,Bandera Restaurant,Chicago,2,4,fJhF5Yy4nguguaaH3TabmQ
498,Chicago q,Chicago,2,4,euO3-H92LCivH2B0CQPlnw
499,Chicago q,Chicago,2,1,euO3-H92LCivH2B0CQPlnw
500,Chicago q,Chicago,2,5,euO3-H92LCivH2B0CQPlnw
501,Ramen Wasabi,Chicago,2,5,lgjRFg3M-1N416W41DHsTQ
502,Ramen Wasabi,Chicago,2,5,lgjRFg3M-1N416W41DHsTQ
503,Ramen Wasabi,Chicago,2,5,lgjRFg3M-1N416W41DHsTQ
504,Hub 51,Chicago,1,4,4Gxtzba86P8mY3ZgFeZ2IA
505,Hub 51,Chicago,1,5,4Gxtzba86P8mY3ZgFeZ2IA
506,Hub 51,Chicago,1,4,4Gxtzba86P8mY3ZgFeZ2IA
507,Tank Noodle,Chicago,2,5,ALwH81_sqskLmwfWS-_eeQ
508,Tank Noodle,Chicago,2,4,ALwH81_sqskLmwfWS-_eeQ
509,Tank Noodle,Chicago,2,3,ALwH81_sqskLmwfWS-_eeQ
510,Siena Tavern,Chicago,4,5,dSqRMhGNCWuSjPT_4lsZqw
511,Siena Tavern,Chicago,4,5,dSqRMhGNCWuSjPT_4lsZqw
512,Siena Tavern,Chicago,4,4,dSqRMhGNCWuSjPT_4lsZqw
513,Bob Chinn's Crab House,Chicago,2,5,rLQUKV24mj1tDv0C0wu08Q
514,Bob Chinn's Crab House,Chicago,2,5,rLQUKV24mj1tDv0C0wu08Q
515,Bob Chinn's Crab House,Chicago,2,4,rLQUKV24mj1tDv0C0wu08Q
516,Cindy's,Chicago,2,5,riT822EnU7y_5eCuJsd9sA
517,Cindy's,Chicago,2,5,riT822EnU7y_5eCuJsd9sA
518,Cindy's,Chicago,2,4,riT822EnU7y_5eCuJsd9sA
519,m.henry,Chicago,2,5,nd1KFxtZHXIMLqPtgubLpQ
520,m.henry,Chicago,2,3,nd1KFxtZHXIMLqPtgubLpQ
521,m.henry,Chicago,2,4,nd1KFxtZHXIMLqPtgubLpQ
522,Gilt Bar,Chicago,1,5,sDYjKyI_67eUhFAqVneYjA
523,Gilt Bar,Chicago,1,5,sDYjKyI_67eUhFAqVneYjA
524,Gilt Bar,Chicago,1,5,sDYjKyI_67eUhFAqVneYjA
525,Yuzu Sushi & Robata Grill,Chicago,2,5,_d5Br6nZWpBNwL-4isroJA
526,Yuzu Sushi & Robata Grill,Chicago,2,4,_d5Br6nZWpBNwL-4isroJA
527,Yuzu Sushi & Robata Grill,Chicago,2,5,_d5Br6nZWpBNwL-4isroJA
528,Fogo de Chão Brazilian Steakhouse,Chicago,2,5,43rd1LKcZRIunySzbMsyLQ
529,Fogo de Chão Brazilian Steakhouse,Chicago,2,4,43rd1LKcZRIunySzbMsyLQ
530,Fogo de Chão Brazilian Steakhouse,Chicago,2,5,43rd1LKcZRIunySzbMsyLQ
531,Green Street Smoked Meats,Chicago,2,5,dux6UvpMGJuHquFA3JfR3A
532,Green Street Smoked Meats,Chicago,2,4,dux6UvpMGJuHquFA3JfR3A
533,Green Street Smoked Meats,Chicago,2,4,dux6UvpMGJuHquFA3JfR3A
534,Gyu-Kaku Japanese BBQ,Chicago,2,5,nO8Yrt4l4JLSvCAkkwrk1Q
535,Gyu-Kaku Japanese BBQ,Chicago,2,5,nO8Yrt4l4JLSvCAkkwrk1Q
536,Gyu-Kaku Japanese BBQ,Chicago,2,2,nO8Yrt4l4JLSvCAkkwrk1Q
537,Joy Yee Noodle,Chicago,2,4,HoNTrjxDYquS_o_tYupHrg
538,Joy Yee Noodle,Chicago,2,5,HoNTrjxDYquS_o_tYupHrg
539,Joy Yee Noodle,Chicago,2,3,HoNTrjxDYquS_o_tYupHrg
540,Sun Wah Bar-B-Que,Chicago,2,5,KomhK0JD5cleEW55YTw7MQ
541,Sun Wah Bar-B-Que,Chicago,2,5,KomhK0JD5cleEW55YTw7MQ
542,Sun Wah Bar-B-Que,Chicago,2,4,KomhK0JD5cleEW55YTw7MQ
543,Wildberry Pancakes and Cafe,Chicago,2,5,ktBZ4IKFmuTsOM8vrjbuBA
544,Wildberry Pancakes and Cafe,Chicago,2,4,ktBZ4IKFmuTsOM8vrjbuBA
545,Wildberry Pancakes and Cafe,Chicago,2,4,ktBZ4IKFmuTsOM8vrjbuBA
546,Chicago Cut Steakhouse,Chicago,2,4,olT3-oFfj5jCuv49M6gZgQ
547,Chicago Cut Steakhouse,Chicago,2,1,olT3-oFfj5jCuv49M6gZgQ
548,Chicago Cut Steakhouse,Chicago,2,3,olT3-oFfj5jCuv49M6gZgQ
549,The Bongo Room,Chicago,2,4,_b69OdBNLhysN1jFlYNQiA
550,The Bongo Room,Chicago,2,2,_b69OdBNLhysN1jFlYNQiA
551,The Bongo Room,Chicago,2,5,_b69OdBNLhysN1jFlYNQiA
552,Sweet Mandy B's,Chicago,2,5,VA0magU4cMCkM0uJ_hx0sg
553,Sweet Mandy B's,Chicago,2,1,VA0magU4cMCkM0uJ_hx0sg
554,Sweet Mandy B's,Chicago,2,5,VA0magU4cMCkM0uJ_hx0sg
555,Blackbird,Chicago,2,5,bFxtGcL0W7ZNEj3NwTmM0A
556,Blackbird,Chicago,2,2,bFxtGcL0W7ZNEj3NwTmM0A
557,Blackbird,Chicago,2,1,bFxtGcL0W7ZNEj3NwTmM0A
558,Superdawg Drive-In,Chicago,2,4,FCcgXODBs6O7MGH3VZNyLQ
559,Superdawg Drive-In,Chicago,2,3,FCcgXODBs6O7MGH3VZNyLQ
560,Superdawg Drive-In,Chicago,2,2,FCcgXODBs6O7MGH3VZNyLQ
561,Firecakes Donuts,Chicago,2,5,psz-vCo_OxNt21o6D0UfAw
562,Firecakes Donuts,Chicago,2,3,psz-vCo_OxNt21o6D0UfAw
563,Firecakes Donuts,Chicago,2,4,psz-vCo_OxNt21o6D0UfAw
564,The Bad Apple,Chicago,2,5,GEpXn9rtTMtIj5NsGFiNQw
565,The Bad Apple,Chicago,2,5,GEpXn9rtTMtIj5NsGFiNQw
566,The Bad Apple,Chicago,2,3,GEpXn9rtTMtIj5NsGFiNQw
567,Weber Grill Restaurant,Chicago,2,4,LU-NBsbLAwvzKlopsVeB7w
568,Weber Grill Restaurant,Chicago,2,3,LU-NBsbLAwvzKlopsVeB7w
569,Weber Grill Restaurant,Chicago,2,4,LU-NBsbLAwvzKlopsVeB7w
570,Big Jones,Chicago,3,4,ElCbMJRjgu9LDj4MxOKXew
571,Big Jones,Chicago,3,4,ElCbMJRjgu9LDj4MxOKXew
572,Big Jones,Chicago,3,2,ElCbMJRjgu9LDj4MxOKXew
573,Tweet,Chicago,2,5,Psi34XLTOtVqLYS9StO1hA
574,Tweet,Chicago,2,5,Psi34XLTOtVqLYS9StO1hA
575,Tweet,Chicago,2,5,Psi34XLTOtVqLYS9StO1hA
576,Lou Malnati's Pizzeria,Chicago,2,5,FqzYCiJ29FGw6KFAGrpuJQ
577,Lou Malnati's Pizzeria,Chicago,2,5,FqzYCiJ29FGw6KFAGrpuJQ
578,Lou Malnati's Pizzeria,Chicago,2,5,FqzYCiJ29FGw6KFAGrpuJQ
579,Little Bad Wolf,Chicago,4,5,9mhqcimD0CYvqxzfj_VXnQ
580,Little Bad Wolf,Chicago,4,5,9mhqcimD0CYvqxzfj_VXnQ
581,Little Bad Wolf,Chicago,4,2,9mhqcimD0CYvqxzfj_VXnQ
582,Spacca Napoli,Chicago,2,5,0fFLUKl71vv3eNV2xhikEw
583,Spacca Napoli,Chicago,2,5,0fFLUKl71vv3eNV2xhikEw
584,Spacca Napoli,Chicago,2,5,0fFLUKl71vv3eNV2xhikEw
585,Velvet Taco,Chicago,2,5,NOKQi1saEWWp-cbUhkUtFQ
586,Velvet Taco,Chicago,2,5,NOKQi1saEWWp-cbUhkUtFQ
587,Velvet Taco,Chicago,2,5,NOKQi1saEWWp-cbUhkUtFQ
588,Over Easy Cafe,Chicago,2,5,0fYNLK7VpBUW4mgFyPCrWQ
589,Over Easy Cafe,Chicago,2,4,0fYNLK7VpBUW4mgFyPCrWQ
590,Over Easy Cafe,Chicago,2,4,0fYNLK7VpBUW4mgFyPCrWQ
591,GT Fish & Oyster,Chicago,2,5,KBl9QR4iVzT_4rF7FzTdyg
592,GT Fish & Oyster,Chicago,2,5,KBl9QR4iVzT_4rF7FzTdyg
593,GT Fish & Oyster,Chicago,2,5,KBl9QR4iVzT_4rF7FzTdyg
594,Handlebar,Chicago,2,5,zF9o33BVqLUOcCmnuB2eQw
595,Handlebar,Chicago,2,3,zF9o33BVqLUOcCmnuB2eQw
596,Handlebar,Chicago,2,5,zF9o33BVqLUOcCmnuB2eQw
597,Pizano's Pizza,Chicago,2,4,9LaA6_oGpgHCJWhlAkbnIw
598,Pizano's Pizza,Chicago,2,3,9LaA6_oGpgHCJWhlAkbnIw
599,Pizano's Pizza,Chicago,2,4,9LaA6_oGpgHCJWhlAkbnIw
600,The Breakfast Klub,Houston,2,5,NNMvUp-r7sQt7Q2l-kO9wA
601,The Breakfast Klub,Houston,2,5,NNMvUp-r7sQt7Q2l-kO9wA
602,The Breakfast Klub,Houston,2,5,NNMvUp-r7sQt7Q2l-kO9wA
603,JINYA Ramen Bar,Houston,2,5,MtrXTHsxOCw0iCtOlPhrGQ
604,JINYA Ramen Bar,Houston,2,5,MtrXTHsxOCw0iCtOlPhrGQ
605,JINYA Ramen Bar,Houston,2,4,MtrXTHsxOCw0iCtOlPhrGQ
606,Dish Society,Houston,2,5,NeTU3xFecz5vIeVWmd8LOw
607,Dish Society,Houston,2,1,NeTU3xFecz5vIeVWmd8LOw
608,Dish Society,Houston,2,5,NeTU3xFecz5vIeVWmd8LOw
609,Killen's BBQ,Houston,2,5,1Xg9YJ6EcFKYdWCLyWwn1A
610,Killen's BBQ,Houston,2,1,1Xg9YJ6EcFKYdWCLyWwn1A
611,Killen's BBQ,Houston,2,3,1Xg9YJ6EcFKYdWCLyWwn1A
612,"Snooze, An A.M. Eatery",Houston,2,5,kHyVzbt2NvIqxwcDIhqNvg
613,"Snooze, An A.M. Eatery",Houston,2,2,kHyVzbt2NvIqxwcDIhqNvg
614,"Snooze, An A.M. Eatery",Houston,2,3,kHyVzbt2NvIqxwcDIhqNvg
615,Thai Gourmet,Houston,2,5,hvz8cactzutFvv5kO4UmSg
616,Thai Gourmet,Houston,2,2,hvz8cactzutFvv5kO4UmSg
617,Thai Gourmet,Houston,2,2,hvz8cactzutFvv5kO4UmSg
618,Common Bond Bistro & Bakery,Houston,2,5,AAf5Mq-xpME2bkB1Z1auaQ
619,Common Bond Bistro & Bakery,Houston,2,4,AAf5Mq-xpME2bkB1Z1auaQ
620,Common Bond Bistro & Bakery,Houston,2,4,AAf5Mq-xpME2bkB1Z1auaQ
621,Niko Niko's Greek & American Cafe,Houston,2,4,9MKqG6XgUEdErB5zfH5faA
622,Niko Niko's Greek & American Cafe,Houston,2,5,9MKqG6XgUEdErB5zfH5faA
623,Niko Niko's Greek & American Cafe,Houston,2,4,9MKqG6XgUEdErB5zfH5faA
624,Uchi,Houston,3,5,E8Kfjp5xQYj-D2fx_YBC7g
625,Uchi,Houston,3,5,E8Kfjp5xQYj-D2fx_YBC7g
626,Uchi,Houston,3,5,E8Kfjp5xQYj-D2fx_YBC7g
627,Velvet Taco,Houston,1,5,T3XrYhHa-KMlWqT4LSJEjA
628,Velvet Taco,Houston,1,1,T3XrYhHa-KMlWqT4LSJEjA
629,Velvet Taco,Houston,1,4,T3XrYhHa-KMlWqT4LSJEjA
630,The Pit Room,Houston,2,5,RoU8KznQMrRFcIjYVtdZMw
631,The Pit Room,Houston,2,5,RoU8KznQMrRFcIjYVtdZMw
632,The Pit Room,Houston,2,5,RoU8KznQMrRFcIjYVtdZMw
633,Bosscat Kitchen & Libations,Houston,2,5,237MSviehmCzD_wwKg4-zA
634,Bosscat Kitchen & Libations,Houston,2,2,237MSviehmCzD_wwKg4-zA
635,Bosscat Kitchen & Libations,Houston,2,4,237MSviehmCzD_wwKg4-zA
636,Peli Peli,Houston,3,5,Jq2NvxWbYMEZhlTygPZUOA
637,Peli Peli,Houston,3,5,Jq2NvxWbYMEZhlTygPZUOA
638,Peli Peli,Houston,3,4,Jq2NvxWbYMEZhlTygPZUOA
639,Hearsay Market Square,Houston,2,4,5MG_McXD1URWSryfn9sCdw
640,Hearsay Market Square,Houston,2,2,5MG_McXD1URWSryfn9sCdw
641,Hearsay Market Square,Houston,2,3,5MG_McXD1URWSryfn9sCdw
642,Fat Bao,Houston,1,5,SfZFGfL8DYubrl_k_3wV8w
643,Fat Bao,Houston,1,4,SfZFGfL8DYubrl_k_3wV8w
644,Fat Bao,Houston,1,4,SfZFGfL8DYubrl_k_3wV8w
645,Taste of Texas,Houston,3,5,bRA-zzvte71rq5x45J7-zQ
646,Taste of Texas,Houston,3,5,bRA-zzvte71rq5x45J7-zQ
647,Taste of Texas,Houston,3,5,bRA-zzvte71rq5x45J7-zQ
648,North Italia,Houston,2,5,x4WealiPVG-tzwzhe7nvpw
649,North Italia,Houston,2,5,x4WealiPVG-tzwzhe7nvpw
650,North Italia,Houston,2,2,x4WealiPVG-tzwzhe7nvpw
651,Empire Cafe,Houston,2,4,f6QcrfaDUvKwcl1A5igkFg
652,Empire Cafe,Houston,2,5,f6QcrfaDUvKwcl1A5igkFg
653,Empire Cafe,Houston,2,4,f6QcrfaDUvKwcl1A5igkFg
654,Local Foods,Houston,2,5,VQZF4hu7faCkUaJ9RDRpeQ
655,Local Foods,Houston,2,5,VQZF4hu7faCkUaJ9RDRpeQ
656,Local Foods,Houston,2,4,VQZF4hu7faCkUaJ9RDRpeQ
657,Tout Suite,Houston,2,5,SJxPM2OzmqSzb6b9Bu9jTg
658,Tout Suite,Houston,2,4,SJxPM2OzmqSzb6b9Bu9jTg
659,Tout Suite,Houston,2,2,SJxPM2OzmqSzb6b9Bu9jTg
660,Kata Robata,Houston,3,5,sLrHO2ct7qsJERWYXrR1pg
661,Kata Robata,Houston,3,5,sLrHO2ct7qsJERWYXrR1pg
662,Kata Robata,Houston,3,5,sLrHO2ct7qsJERWYXrR1pg
663,Aga's Restaurant & Catering,Houston,2,5,haOLj8uMDwmZTNsJ7_HSjg
664,Aga's Restaurant & Catering,Houston,2,5,haOLj8uMDwmZTNsJ7_HSjg
665,Aga's Restaurant & Catering,Houston,2,5,haOLj8uMDwmZTNsJ7_HSjg
666,Chama Gaúcha Brazilian Steakhouse,Houston,3,5,Y-MMPpw4HSaKPp5C1of9fA
667,Chama Gaúcha Brazilian Steakhouse,Houston,3,4,Y-MMPpw4HSaKPp5C1of9fA
668,Chama Gaúcha Brazilian Steakhouse,Houston,3,5,Y-MMPpw4HSaKPp5C1of9fA
669,Ritual,Houston,2,5,Uxr2owVxThOp_lsSOqxbPw
670,Ritual,Houston,2,5,Uxr2owVxThOp_lsSOqxbPw
671,Ritual,Houston,2,4,Uxr2owVxThOp_lsSOqxbPw
672,Gyu-Kaku Japanese BBQ,Houston,2,5,ZdXWrc7G2DtQjHUn6L5TmA
673,Gyu-Kaku Japanese BBQ,Houston,2,4,ZdXWrc7G2DtQjHUn6L5TmA
674,Gyu-Kaku Japanese BBQ,Houston,2,1,ZdXWrc7G2DtQjHUn6L5TmA
675,The Original Ninfa's on Navigation,Houston,2,5,tUBzy14k8ff0fHHRqADONg
676,The Original Ninfa's on Navigation,Houston,2,5,tUBzy14k8ff0fHHRqADONg
677,The Original Ninfa's on Navigation,Houston,2,5,tUBzy14k8ff0fHHRqADONg
678,Torchy's Tacos,Houston,1,4,oOBNrR__6i7hv6K_mmpkfA
679,Torchy's Tacos,Houston,1,5,oOBNrR__6i7hv6K_mmpkfA
680,Torchy's Tacos,Houston,1,3,oOBNrR__6i7hv6K_mmpkfA
681,Backstreet Café,Houston,2,5,fRxG_uD4RMR6Dehlt1Kcfg
682,Backstreet Café,Houston,2,5,fRxG_uD4RMR6Dehlt1Kcfg
683,Backstreet Café,Houston,2,1,fRxG_uD4RMR6Dehlt1Kcfg
684,Baby Barnaby's,Houston,2,5,LYBeb7EJfh8v5JwO6HWeYA
685,Baby Barnaby's,Houston,2,5,LYBeb7EJfh8v5JwO6HWeYA
686,Baby Barnaby's,Houston,2,4,LYBeb7EJfh8v5JwO6HWeYA
687,Hugo's,Houston,3,5,9P51lZBLGT1ZIzhapSGOvg
688,Hugo's,Houston,3,5,9P51lZBLGT1ZIzhapSGOvg
689,Hugo's,Houston,3,5,9P51lZBLGT1ZIzhapSGOvg
690,Peli Peli,Houston,3,5,pV-ncl1zrCfKQnGnjwjvWw
691,Peli Peli,Houston,3,5,pV-ncl1zrCfKQnGnjwjvWw
692,Peli Peli,Houston,3,4,pV-ncl1zrCfKQnGnjwjvWw
693,Roostar Vietnamese Grill,Houston,1,5,fIs1oqMQ8V1kC6175N1x-g
694,Roostar Vietnamese Grill,Houston,1,3,fIs1oqMQ8V1kC6175N1x-g
695,Roostar Vietnamese Grill,Houston,1,5,fIs1oqMQ8V1kC6175N1x-g
696,Himalaya Restaurant,Houston,2,5,Wr03REZDwfI05Iqa55IQuA
697,Himalaya Restaurant,Houston,2,5,Wr03REZDwfI05Iqa55IQuA
698,Himalaya Restaurant,Houston,2,5,Wr03REZDwfI05Iqa55IQuA
699,Oishii,Houston,2,5,ghFcnp8NGkHbSUBYLONjww
700,Oishii,Houston,2,5,ghFcnp8NGkHbSUBYLONjww
701,Oishii,Houston,2,5,ghFcnp8NGkHbSUBYLONjww
702,The Turkey Leg Hut,Houston,2,5,sICvh8l9t31JcDgwweNe8A
703,The Turkey Leg Hut,Houston,2,4,sICvh8l9t31JcDgwweNe8A
704,The Turkey Leg Hut,Houston,2,2,sICvh8l9t31JcDgwweNe8A
705,Jupiter Pizza & Waffle,Houston,2,5,44qPJrn8w5iELZ18rNnK1A
706,Jupiter Pizza & Waffle,Houston,2,5,44qPJrn8w5iELZ18rNnK1A
707,Jupiter Pizza & Waffle,Houston,2,5,44qPJrn8w5iELZ18rNnK1A
708,Tiny Boxwoods,Houston,2,4,QrtghPVxHHYljE0TNDOT-g
709,Tiny Boxwoods,Houston,2,2,QrtghPVxHHYljE0TNDOT-g
710,Tiny Boxwoods,Houston,2,3,QrtghPVxHHYljE0TNDOT-g
711,Tiger Den,Houston,2,5,ggLDkZafMfFLIAEySrlw-g
712,Tiger Den,Houston,2,2,ggLDkZafMfFLIAEySrlw-g
713,Tiger Den,Houston,2,5,ggLDkZafMfFLIAEySrlw-g
714,Les Givral's Sandwich & Café,Houston,1,5,s2tPiXGzPRytA2UUVzQ4vA
715,Les Givral's Sandwich & Café,Houston,1,5,s2tPiXGzPRytA2UUVzQ4vA
716,Les Givral's Sandwich & Café,Houston,1,4,s2tPiXGzPRytA2UUVzQ4vA
717,Aka Sushi House,Houston,2,4,_OarNdfF-E_ho2bmmdH3aQ
718,Aka Sushi House,Houston,2,4,_OarNdfF-E_ho2bmmdH3aQ
719,Aka Sushi House,Houston,2,4,_OarNdfF-E_ho2bmmdH3aQ
720,Brasil,Houston,2,5,fxl--KqRrFfbpU0oBMMxBQ
721,Brasil,Houston,2,5,fxl--KqRrFfbpU0oBMMxBQ
722,Brasil,Houston,2,1,fxl--KqRrFfbpU0oBMMxBQ
723,benjy's,Houston,2,5,YDD0n84xkd_nHmkmPorG5Q
724,benjy's,Houston,2,4,YDD0n84xkd_nHmkmPorG5Q
725,benjy's,Houston,2,4,YDD0n84xkd_nHmkmPorG5Q
726,Kenny & Ziggy's New York Delicatessen,Houston,2,5,Sw5hLSJibsf-XLW2Kw1OSg
727,Kenny & Ziggy's New York Delicatessen,Houston,2,5,Sw5hLSJibsf-XLW2Kw1OSg
728,Kenny & Ziggy's New York Delicatessen,Houston,2,5,Sw5hLSJibsf-XLW2Kw1OSg
729,Agora,Houston,1,4,LSs-EpfOBYd1y6fFTVc8vQ
730,Agora,Houston,1,2,LSs-EpfOBYd1y6fFTVc8vQ
731,Agora,Houston,1,4,LSs-EpfOBYd1y6fFTVc8vQ
732,Goode Company Barbeque,Houston,2,5,F-CnLwWvidsZqR9pLUrcBw
733,Goode Company Barbeque,Houston,2,1,F-CnLwWvidsZqR9pLUrcBw
734,Goode Company Barbeque,Houston,2,2,F-CnLwWvidsZqR9pLUrcBw
735,Yard House - Takeout & Delivery Available,Houston,2,4,ZmY31p5jQRpkq_xOJU39nA
736,Yard House - Takeout & Delivery Available,Houston,2,4,ZmY31p5jQRpkq_xOJU39nA
737,Yard House - Takeout & Delivery Available,Houston,2,5,ZmY31p5jQRpkq_xOJU39nA
738,Stanton's City Bites,Houston,2,5,-BImKAE7BXubGtBhIO9C9A
739,Stanton's City Bites,Houston,2,4,-BImKAE7BXubGtBhIO9C9A
740,Stanton's City Bites,Houston,2,5,-BImKAE7BXubGtBhIO9C9A
741,Steak 48,Houston,4,5,iGMTbYr2FTFHc6vEIn51_Q
742,Steak 48,Houston,4,5,iGMTbYr2FTFHc6vEIn51_Q
743,Steak 48,Houston,4,5,iGMTbYr2FTFHc6vEIn51_Q
744,Bombay Pizza,Houston,2,5,LkEItxH8S6GJdUjQzAxgog
745,Bombay Pizza,Houston,2,5,LkEItxH8S6GJdUjQzAxgog
746,Bombay Pizza,Houston,2,5,LkEItxH8S6GJdUjQzAxgog
747,Caracol,Houston,3,5,aKTDLQs5ERhVxOhJGYrwTA
748,Caracol,Houston,3,4,aKTDLQs5ERhVxOhJGYrwTA
749,Caracol,Houston,3,3,aKTDLQs5ERhVxOhJGYrwTA
750,Down House,Houston,2,4,5nttRsGGVgfYHxGFCwEEuQ
751,Down House,Houston,2,1,5nttRsGGVgfYHxGFCwEEuQ
752,Down House,Houston,2,4,5nttRsGGVgfYHxGFCwEEuQ
753,Bernie's Burger Bus,Houston,2,4,ofXRQlcXE6VB-vDPaCS98g
754,Bernie's Burger Bus,Houston,2,3,ofXRQlcXE6VB-vDPaCS98g
755,Bernie's Burger Bus,Houston,2,3,ofXRQlcXE6VB-vDPaCS98g
756,MAX's Wine Dive,Houston,2,5,iWbVwTLPE50Jc421QCJyaA
757,MAX's Wine Dive,Houston,2,1,iWbVwTLPE50Jc421QCJyaA
758,MAX's Wine Dive,Houston,2,3,iWbVwTLPE50Jc421QCJyaA
759,Liberty Kitchen & Oyster Bar,Houston,3,5,TtxMdT82vPw3V0DgwzaDpg
760,Liberty Kitchen & Oyster Bar,Houston,3,3,TtxMdT82vPw3V0DgwzaDpg
761,Liberty Kitchen & Oyster Bar,Houston,3,5,TtxMdT82vPw3V0DgwzaDpg
762,Pondicheri,Houston,2,5,tdyxEx9LvctvjDPqP4zuFA
763,Pondicheri,Houston,2,1,tdyxEx9LvctvjDPqP4zuFA
764,Pondicheri,Houston,2,4,tdyxEx9LvctvjDPqP4zuFA
765,The Burger Joint,Houston,2,5,Z1qi8L5sNxZmzc_47_D-_w
766,The Burger Joint,Houston,2,4,Z1qi8L5sNxZmzc_47_D-_w
767,The Burger Joint,Houston,2,4,Z1qi8L5sNxZmzc_47_D-_w
768,The Halal Guys,Houston,2,4,A7SrbEPq1I_Pkf7wJlh_6w
769,The Halal Guys,Houston,2,5,A7SrbEPq1I_Pkf7wJlh_6w
770,The Halal Guys,Houston,2,3,A7SrbEPq1I_Pkf7wJlh_6w
771,Dak & Bop,Houston,2,5,SxUF6a93Z20I5uevtKvaLg
772,Dak & Bop,Houston,2,3,SxUF6a93Z20I5uevtKvaLg
773,Dak & Bop,Houston,2,5,SxUF6a93Z20I5uevtKvaLg
774,Aladdin Mediterranean Cuisine,Houston,1,5,jDp0023yaPM-c1r3YtDFtQ
775,Aladdin Mediterranean Cuisine,Houston,1,5,jDp0023yaPM-c1r3YtDFtQ
776,Aladdin Mediterranean Cuisine,Houston,1,5,jDp0023yaPM-c1r3YtDFtQ
777,Luigi's Pizzeria,Houston,2,5,-CjHVemSRz_PMb3NvQxiPQ
778,Luigi's Pizzeria,Houston,2,5,-CjHVemSRz_PMb3NvQxiPQ
779,Luigi's Pizzeria,Houston,2,4,-CjHVemSRz_PMb3NvQxiPQ
780,Katz's Deli & Bar,Houston,1,4,H2_gKZxlJ5RFM50PZk0Sbw
781,Katz's Deli & Bar,Houston,1,3,H2_gKZxlJ5RFM50PZk0Sbw
782,Katz's Deli & Bar,Houston,1,3,H2_gKZxlJ5RFM50PZk0Sbw
783,Mai's Restaurant,Houston,2,5,-imY2PhDRmubTnLzykfsxA
784,Mai's Restaurant,Houston,2,1,-imY2PhDRmubTnLzykfsxA
785,Mai's Restaurant,Houston,2,1,-imY2PhDRmubTnLzykfsxA
786,The Hay Merchant,Houston,2,4,Bwt9AG0Uh3zdQdP-doVIFQ
787,The Hay Merchant,Houston,2,4,Bwt9AG0Uh3zdQdP-doVIFQ
788,The Hay Merchant,Houston,2,4,Bwt9AG0Uh3zdQdP-doVIFQ
789,Pappas Bros Steakhouse,Houston,2,5,NG_CTxPXJGCU4detUtUqew
790,Pappas Bros Steakhouse,Houston,2,3,NG_CTxPXJGCU4detUtUqew
791,Pappas Bros Steakhouse,Houston,2,2,NG_CTxPXJGCU4detUtUqew
792,B&B Butchers & Restaurant,Houston,2,4,z4UopTuEkrO4LT1sVq6LJw
793,B&B Butchers & Restaurant,Houston,2,2,z4UopTuEkrO4LT1sVq6LJw
794,B&B Butchers & Restaurant,Houston,2,5,z4UopTuEkrO4LT1sVq6LJw
795,Kasra Persian Grill,Houston,2,5,YFcGZIQdarmuxUufzS_a1Q
796,Kasra Persian Grill,Houston,2,4,YFcGZIQdarmuxUufzS_a1Q
797,Kasra Persian Grill,Houston,2,5,YFcGZIQdarmuxUufzS_a1Q
798,Batanga,Houston,2,5,Rv5l4RJxlUP0cFZtRwB2Zg
799,Batanga,Houston,2,2,Rv5l4RJxlUP0cFZtRwB2Zg
800,Batanga,Houston,2,4,Rv5l4RJxlUP0cFZtRwB2Zg
801,Oporto Fooding House & Wine,Houston,2,5,I1VlZBW80UL3E3NvahlqXg
802,Oporto Fooding House & Wine,Houston,2,4,I1VlZBW80UL3E3NvahlqXg
803,Oporto Fooding House & Wine,Houston,2,5,I1VlZBW80UL3E3NvahlqXg
804,True Food Kitchen,Houston,1,5,Gsdzo5OwpolBuLBU6lRxpA
805,True Food Kitchen,Houston,1,5,Gsdzo5OwpolBuLBU6lRxpA
806,True Food Kitchen,Houston,1,3,Gsdzo5OwpolBuLBU6lRxpA
807,Pho Saigon,Houston,2,5,HoQsF_27CA8-iMU4eOUeUw
808,Pho Saigon,Houston,2,5,HoQsF_27CA8-iMU4eOUeUw
809,Pho Saigon,Houston,2,5,HoQsF_27CA8-iMU4eOUeUw
810,CRAVE Cupcakes,Houston,4,5,Qc_fiNSBnFWb0TtGQRhGCQ
811,CRAVE Cupcakes,Houston,4,1,Qc_fiNSBnFWb0TtGQRhGCQ
812,CRAVE Cupcakes,Houston,4,4,Qc_fiNSBnFWb0TtGQRhGCQ
813,Sweet Paris Crêperie & Café,Houston,2,5,vYmQ5UO6MTtH8WcZBRnq-A
814,Sweet Paris Crêperie & Café,Houston,2,4,vYmQ5UO6MTtH8WcZBRnq-A
815,Sweet Paris Crêperie & Café,Houston,2,4,vYmQ5UO6MTtH8WcZBRnq-A
816,Pluckers Wing Bar,Houston,2,5,30fzRmlJ3diNIpctApYB_g
817,Pluckers Wing Bar,Houston,2,5,30fzRmlJ3diNIpctApYB_g
818,Pluckers Wing Bar,Houston,2,1,30fzRmlJ3diNIpctApYB_g
819,Boheme,Houston,2,4,-N992WGD-KSZ-6XMnMIhnw
820,Boheme,Houston,2,5,-N992WGD-KSZ-6XMnMIhnw
821,Boheme,Houston,2,4,-N992WGD-KSZ-6XMnMIhnw
822,Ambriza,Houston,1,5,vnoo6odpReNd-EgjT-XAtA
823,Ambriza,Houston,1,5,vnoo6odpReNd-EgjT-XAtA
824,Ambriza,Houston,1,5,vnoo6odpReNd-EgjT-XAtA
825,Fogo de Chão Brazilian Steakhouse,Houston,2,5,A52cxall8PLq49e4chbS4w
826,Fogo de Chão Brazilian Steakhouse,Houston,2,3,A52cxall8PLq49e4chbS4w
827,Fogo de Chão Brazilian Steakhouse,Houston,2,4,A52cxall8PLq49e4chbS4w
828,Ambrosia,Houston,2,5,kGbr_y_XxapZPnycxCV4Pg
829,Ambrosia,Houston,2,3,kGbr_y_XxapZPnycxCV4Pg
830,Ambrosia,Houston,2,3,kGbr_y_XxapZPnycxCV4Pg
831,Torchy's Tacos,Houston,2,4,uajbo6AV9h_9TGnXuyGsJg
832,Torchy's Tacos,Houston,2,3,uajbo6AV9h_9TGnXuyGsJg
833,Torchy's Tacos,Houston,2,1,uajbo6AV9h_9TGnXuyGsJg
834,Hobbit Cafe,Houston,2,5,f4pc5O9PMK50XTzUZZX-lQ
835,Hobbit Cafe,Houston,2,5,f4pc5O9PMK50XTzUZZX-lQ
836,Hobbit Cafe,Houston,2,3,f4pc5O9PMK50XTzUZZX-lQ
837,Tacos A Go Go,Houston,2,5,sZJ_xqO0sGOkUzaPKlS5mg
838,Tacos A Go Go,Houston,2,1,sZJ_xqO0sGOkUzaPKlS5mg
839,Tacos A Go Go,Houston,2,4,sZJ_xqO0sGOkUzaPKlS5mg
840,Luna Pizzeria,Houston,2,5,02GjIP_ReWd2GqVu9yFV_Q
841,Luna Pizzeria,Houston,2,5,02GjIP_ReWd2GqVu9yFV_Q
842,Luna Pizzeria,Houston,2,5,02GjIP_ReWd2GqVu9yFV_Q
843,Ramen Tatsu-Ya,Houston,2,4,bmclINczmH8dvfU4-npSHA
844,Ramen Tatsu-Ya,Houston,2,3,bmclINczmH8dvfU4-npSHA
845,Ramen Tatsu-Ya,Houston,2,5,bmclINczmH8dvfU4-npSHA
846,Urban Eats,Houston,2,5,mtGZS8a0TKeLkQbAylbNPg
847,Urban Eats,Houston,2,2,mtGZS8a0TKeLkQbAylbNPg
848,Urban Eats,Houston,2,4,mtGZS8a0TKeLkQbAylbNPg
849,Guru Burgers & Crepes,Houston,2,5,0pPBaKkofIP59KZbma3nWg
850,Guru Burgers & Crepes,Houston,2,1,0pPBaKkofIP59KZbma3nWg
851,Guru Burgers & Crepes,Houston,2,3,0pPBaKkofIP59KZbma3nWg
852,Vic & Anthony's Steakhouse,Houston,2,5,2Hsx_X-zX2xuz0-9MaG-3w
853,Vic & Anthony's Steakhouse,Houston,2,5,2Hsx_X-zX2xuz0-9MaG-3w
854,Vic & Anthony's Steakhouse,Houston,2,5,2Hsx_X-zX2xuz0-9MaG-3w
855,House of Pies,Houston,2,4,n95Zndzpc3D3-X87HxkPYQ
856,House of Pies,Houston,2,4,n95Zndzpc3D3-X87HxkPYQ
857,House of Pies,Houston,2,4,n95Zndzpc3D3-X87HxkPYQ
858,Huynh Restaurant,Houston,2,5,Q2VD2XmwmpDRb-qaF7Thag
859,Huynh Restaurant,Houston,2,3,Q2VD2XmwmpDRb-qaF7Thag
860,Huynh Restaurant,Houston,2,5,Q2VD2XmwmpDRb-qaF7Thag
861,Lucille's,Houston,2,5,pr9Hcn5fjpxWLZzIbNb8Cw
862,Lucille's,Houston,2,4,pr9Hcn5fjpxWLZzIbNb8Cw
863,Lucille's,Houston,2,5,pr9Hcn5fjpxWLZzIbNb8Cw
864,Grand Lux Cafe,Houston,2,4,GK8YWuqjNkVaW1x-D4PdnA
865,Grand Lux Cafe,Houston,2,3,GK8YWuqjNkVaW1x-D4PdnA
866,Grand Lux Cafe,Houston,2,3,GK8YWuqjNkVaW1x-D4PdnA
867,Baba Yega Cafe,Houston,2,4,dfSZxTpdWXzIC_NbFzHaBw
868,Baba Yega Cafe,Houston,2,2,dfSZxTpdWXzIC_NbFzHaBw
869,Baba Yega Cafe,Houston,2,3,dfSZxTpdWXzIC_NbFzHaBw
870,Masraff's,Houston,3,5,fW5EvLj1SlUrIfVgfBAKaw
871,Masraff's,Houston,3,5,fW5EvLj1SlUrIfVgfBAKaw
872,Masraff's,Houston,3,5,fW5EvLj1SlUrIfVgfBAKaw
873,Crisp,Houston,2,5,fZsyLhNQ0GvtKFzCKxS7Yg
874,Crisp,Houston,2,5,fZsyLhNQ0GvtKFzCKxS7Yg
875,Crisp,Houston,2,5,fZsyLhNQ0GvtKFzCKxS7Yg
876,Saint Arnold Brewing Company,Houston,2,5,-SjX-mvv6ZZjxXUJvV3Quw
877,Saint Arnold Brewing Company,Houston,2,4,-SjX-mvv6ZZjxXUJvV3Quw
878,Saint Arnold Brewing Company,Houston,2,5,-SjX-mvv6ZZjxXUJvV3Quw
879,Coltivare,Houston,4,4,z0sbzv4MRstpyodVBjCLLA
880,Coltivare,Houston,4,5,z0sbzv4MRstpyodVBjCLLA
881,Coltivare,Houston,4,5,z0sbzv4MRstpyodVBjCLLA
882,Grace's,Houston,2,5,mnRw8w8Fp7-b13Dmmpm70w
883,Grace's,Houston,2,4,mnRw8w8Fp7-b13Dmmpm70w
884,Grace's,Houston,2,4,mnRw8w8Fp7-b13Dmmpm70w
885,Lola,Houston,2,4,gRO_WcBDC8jpYhDSNYZjxQ
886,Lola,Houston,2,2,gRO_WcBDC8jpYhDSNYZjxQ
887,Lola,Houston,2,3,gRO_WcBDC8jpYhDSNYZjxQ
888,Tacos Tierra Caliente,Houston,2,5,wClNCg171C7WEbpCSLb4kw
889,Tacos Tierra Caliente,Houston,2,2,wClNCg171C7WEbpCSLb4kw
890,Tacos Tierra Caliente,Houston,2,4,wClNCg171C7WEbpCSLb4kw
891,BCK,Houston,2,5,BKu4VGO2bW3nw8kc_ryumw
892,BCK,Houston,2,3,BKu4VGO2bW3nw8kc_ryumw
893,BCK,Houston,2,1,BKu4VGO2bW3nw8kc_ryumw
894,Crawfish & Noodles,Houston,2,5,UeKPVzoDphyKqfIXNb_YcA
895,Crawfish & Noodles,Houston,2,4,UeKPVzoDphyKqfIXNb_YcA
896,Crawfish & Noodles,Houston,2,4,UeKPVzoDphyKqfIXNb_YcA
897,Adair Kitchen,Houston,2,4,JFyugR-OI9iGK6b88yaevQ
898,Adair Kitchen,Houston,2,5,JFyugR-OI9iGK6b88yaevQ
899,Adair Kitchen,Houston,2,5,JFyugR-OI9iGK6b88yaevQ
900,"Snooze, An A.M. Eatery",Denver,2,5,dnJvyhSPiIVlmpdM_3SCrg
901,"Snooze, An A.M. Eatery",Denver,2,5,dnJvyhSPiIVlmpdM_3SCrg
902,"Snooze, An A.M. Eatery",Denver,2,5,dnJvyhSPiIVlmpdM_3SCrg
903,Denver Biscuit Co.,Denver,2,5,gagUrh3806qc5hZ14F0Odw
904,Denver Biscuit Co.,Denver,2,5,gagUrh3806qc5hZ14F0Odw
905,Denver Biscuit Co.,Denver,2,5,gagUrh3806qc5hZ14F0Odw
906,Root Down,Denver,2,5,LX8nS1dlW7MEZDDEmVcyGw
907,Root Down,Denver,2,5,LX8nS1dlW7MEZDDEmVcyGw
908,Root Down,Denver,2,4,LX8nS1dlW7MEZDDEmVcyGw
909,Linger,Denver,2,5,Z8vO_mf1V09QDUPdyqJ6og
910,Linger,Denver,2,4,Z8vO_mf1V09QDUPdyqJ6og
911,Linger,Denver,2,4,Z8vO_mf1V09QDUPdyqJ6og
912,Steuben's Uptown,Denver,2,5,CQNv4SXqFltcwNsx-qHbLQ
913,Steuben's Uptown,Denver,2,4,CQNv4SXqFltcwNsx-qHbLQ
914,Steuben's Uptown,Denver,2,5,CQNv4SXqFltcwNsx-qHbLQ
915,Cherry Cricket,Denver,2,5,JJiugrBcZrNpX0ueUBuvrg
916,Cherry Cricket,Denver,2,5,JJiugrBcZrNpX0ueUBuvrg
917,Cherry Cricket,Denver,2,5,JJiugrBcZrNpX0ueUBuvrg
918,Rioja,Denver,3,5,ywFvkNZVJoXUQbZoq7fr1w
919,Rioja,Denver,3,5,ywFvkNZVJoXUQbZoq7fr1w
920,Rioja,Denver,3,4,ywFvkNZVJoXUQbZoq7fr1w
921,Little Man Ice Cream,Denver,1,5,LXlVCu6G-buaxC8GlDjmLA
922,Little Man Ice Cream,Denver,1,4,LXlVCu6G-buaxC8GlDjmLA
923,Little Man Ice Cream,Denver,1,4,LXlVCu6G-buaxC8GlDjmLA
924,City O' City,Denver,2,5,IvPkDs4T8mEH7XzFxMuVGQ
925,City O' City,Denver,2,4,IvPkDs4T8mEH7XzFxMuVGQ
926,City O' City,Denver,2,5,IvPkDs4T8mEH7XzFxMuVGQ
927,Sam's No. 3 Downtown,Denver,2,5,3ncWfQJg_RbTqnkPmksoAA
928,Sam's No. 3 Downtown,Denver,2,4,3ncWfQJg_RbTqnkPmksoAA
929,Sam's No. 3 Downtown,Denver,2,4,3ncWfQJg_RbTqnkPmksoAA
930,WaterCourse Foods,Denver,2,5,5R0BZNk2MuGd8fzDcp_DVQ
931,WaterCourse Foods,Denver,2,1,5R0BZNk2MuGd8fzDcp_DVQ
932,WaterCourse Foods,Denver,2,5,5R0BZNk2MuGd8fzDcp_DVQ
933,Root Down - Denver International Airport,Denver,2,5,wVKt2_DR_p2ayqRtdzGJPQ
934,Root Down - Denver International Airport,Denver,2,3,wVKt2_DR_p2ayqRtdzGJPQ
935,Root Down - Denver International Airport,Denver,2,5,wVKt2_DR_p2ayqRtdzGJPQ
936,Casa Bonita,Denver,2,3,3F0Wu6gvswRsOLDb4V4Qow
937,Casa Bonita,Denver,2,2,3F0Wu6gvswRsOLDb4V4Qow
938,Casa Bonita,Denver,2,3,3F0Wu6gvswRsOLDb4V4Qow
939,Sushi Den,Denver,3,5,8lKL5Bxt620aqh0ulDByIg
940,Sushi Den,Denver,3,5,8lKL5Bxt620aqh0ulDByIg
941,Sushi Den,Denver,3,5,8lKL5Bxt620aqh0ulDByIg
942,Voodoo Doughnut - Colfax,Denver,1,4,ZDMlxXUz6xEAXLezla7_nQ
943,Voodoo Doughnut - Colfax,Denver,1,5,ZDMlxXUz6xEAXLezla7_nQ
944,Voodoo Doughnut - Colfax,Denver,1,5,ZDMlxXUz6xEAXLezla7_nQ
945,"Snooze, An A.M. Eatery",Denver,2,5,mZkbX-naLZCKEO19cUmYQg
946,"Snooze, An A.M. Eatery",Denver,2,5,mZkbX-naLZCKEO19cUmYQg
947,"Snooze, An A.M. Eatery",Denver,2,5,mZkbX-naLZCKEO19cUmYQg
948,Jelly,Denver,2,5,5G2X2q9p7QFdm-LbyutltQ
949,Jelly,Denver,2,3,5G2X2q9p7QFdm-LbyutltQ
950,Jelly,Denver,2,3,5G2X2q9p7QFdm-LbyutltQ
951,Viewhouse - Centennial,Denver,2,3,_7ekW6b8-TYCh75_aCBt_Q
952,Viewhouse - Centennial,Denver,2,4,_7ekW6b8-TYCh75_aCBt_Q
953,Viewhouse - Centennial,Denver,2,3,_7ekW6b8-TYCh75_aCBt_Q
954,Mountain Sun Pub & Brewery,Denver,2,5,SFlAWPKHOJEsTttBLUj8Hw
955,Mountain Sun Pub & Brewery,Denver,2,4,SFlAWPKHOJEsTttBLUj8Hw
956,Mountain Sun Pub & Brewery,Denver,2,3,SFlAWPKHOJEsTttBLUj8Hw
957,Osteria Marco,Denver,2,5,jx5kzkP_9zwh9BW0WVPAWw
958,Osteria Marco,Denver,2,5,jx5kzkP_9zwh9BW0WVPAWw
959,Osteria Marco,Denver,2,3,jx5kzkP_9zwh9BW0WVPAWw
960,5280 Burger Bar - Denver,Denver,2,5,uAsOPByhA_JiDi1d8K7cjw
961,5280 Burger Bar - Denver,Denver,2,3,uAsOPByhA_JiDi1d8K7cjw
962,5280 Burger Bar - Denver,Denver,2,5,uAsOPByhA_JiDi1d8K7cjw
963,Work & Class,Denver,2,5,svJWwW0ilssyqk_UML0mUg
964,Work & Class,Denver,2,5,svJWwW0ilssyqk_UML0mUg
965,Work & Class,Denver,2,5,svJWwW0ilssyqk_UML0mUg
966,Syrup Downtown,Denver,2,4,ZDD3sfQRbVFTb6-h7BsCeg
967,Syrup Downtown,Denver,2,5,ZDD3sfQRbVFTb6-h7BsCeg
968,Syrup Downtown,Denver,2,3,ZDD3sfQRbVFTb6-h7BsCeg
969,The Buff Restaurant,Denver,2,5,1LMe5UqMS2ei_ubt46FbNA
970,The Buff Restaurant,Denver,2,4,1LMe5UqMS2ei_ubt46FbNA
971,The Buff Restaurant,Denver,2,4,1LMe5UqMS2ei_ubt46FbNA
972,Cranelli's Italian Restaurant,Denver,2,5,fI5lx2Mm_x5ASD3xaztM8A
973,Cranelli's Italian Restaurant,Denver,2,5,fI5lx2Mm_x5ASD3xaztM8A
974,Cranelli's Italian Restaurant,Denver,2,5,fI5lx2Mm_x5ASD3xaztM8A
975,True Food Kitchen,Denver,2,5,BVQrbLbmZv3GwVCH6L1L9w
976,True Food Kitchen,Denver,2,5,BVQrbLbmZv3GwVCH6L1L9w
977,True Food Kitchen,Denver,2,1,BVQrbLbmZv3GwVCH6L1L9w
978,Pho 95,Denver,2,5,Sf-MtupitmHLB3I8qOlULg
979,Pho 95,Denver,2,3,Sf-MtupitmHLB3I8qOlULg
980,Pho 95,Denver,2,4,Sf-MtupitmHLB3I8qOlULg
981,Biker Jim's Gourmet Dogs,Denver,1,5,RoaIS3cE1wDtzuZ5XrRgjw
982,Biker Jim's Gourmet Dogs,Denver,1,4,RoaIS3cE1wDtzuZ5XrRgjw
983,Biker Jim's Gourmet Dogs,Denver,1,4,RoaIS3cE1wDtzuZ5XrRgjw
984,Boulder Dushanbe Teahouse,Denver,2,5,ku3rYrrOZ3fhZEkSYGw0oA
985,Boulder Dushanbe Teahouse,Denver,2,4,ku3rYrrOZ3fhZEkSYGw0oA
986,Boulder Dushanbe Teahouse,Denver,2,4,ku3rYrrOZ3fhZEkSYGw0oA
987,La Loma,Denver,2,5,WTe8uL6vF1ZuKAeJIvxR8w
988,La Loma,Denver,2,5,WTe8uL6vF1ZuKAeJIvxR8w
989,La Loma,Denver,2,5,WTe8uL6vF1ZuKAeJIvxR8w
990,ViewHouse Ballpark,Denver,2,5,DFLpKoj2lwDcZScnPW0arg
991,ViewHouse Ballpark,Denver,2,1,DFLpKoj2lwDcZScnPW0arg
992,ViewHouse Ballpark,Denver,2,3,DFLpKoj2lwDcZScnPW0arg
993,Uncle,Denver,2,5,pu_oTsfu4kFcmP2Xms_X_Q
994,Uncle,Denver,2,4,pu_oTsfu4kFcmP2Xms_X_Q
995,Uncle,Denver,2,5,pu_oTsfu4kFcmP2Xms_X_Q
996,Wynkoop Brewing,Denver,2,4,fsP5zLIRLf0gcuZpI94eYw
997,Wynkoop Brewing,Denver,2,3,fsP5zLIRLf0gcuZpI94eYw
998,Wynkoop Brewing,Denver,2,3,fsP5zLIRLf0gcuZpI94eYw
999,Timberline Steaks & Grille,Denver,2,5,aTmwvhh7Lzo2Fq-QdMgXJg
1000,Timberline Steaks & Grille,Denver,2,2,aTmwvhh7Lzo2Fq-QdMgXJg
1001,Timberline Steaks & Grille,Denver,2,2,aTmwvhh7Lzo2Fq-QdMgXJg
1002,Lola Coastal Mexican,Denver,2,4,JWbnx_g6AYSrPMQJDHLBMw
1003,Lola Coastal Mexican,Denver,2,4,JWbnx_g6AYSrPMQJDHLBMw
1004,Lola Coastal Mexican,Denver,2,5,JWbnx_g6AYSrPMQJDHLBMw
1005,Punch Bowl Social Denver,Denver,2,4,ANV0RCBMVJFgHRC7SVIDPg
1006,Punch Bowl Social Denver,Denver,2,2,ANV0RCBMVJFgHRC7SVIDPg
1007,Punch Bowl Social Denver,Denver,2,1,ANV0RCBMVJFgHRC7SVIDPg
1008,Mercantile Dining & Provision,Denver,2,5,KwmKhdWpcIzypdjAUNrc7w
1009,Mercantile Dining & Provision,Denver,2,4,KwmKhdWpcIzypdjAUNrc7w
1010,Mercantile Dining & Provision,Denver,2,3,KwmKhdWpcIzypdjAUNrc7w
1011,Marco's Coal Fired- Ballpark,Denver,2,5,G6ckyL7AK1qNyRop7xHa4g
1012,Marco's Coal Fired- Ballpark,Denver,2,5,G6ckyL7AK1qNyRop7xHa4g
1013,Marco's Coal Fired- Ballpark,Denver,2,2,G6ckyL7AK1qNyRop7xHa4g
1014,Four Friends Kitchen,Denver,2,5,OGwS_BIkHSWdcvQRdW_kfA
1015,Four Friends Kitchen,Denver,2,5,OGwS_BIkHSWdcvQRdW_kfA
1016,Four Friends Kitchen,Denver,2,5,OGwS_BIkHSWdcvQRdW_kfA
1017,Avanti Food & Beverage,Denver,2,5,oJc3khNkjW3aAQZDMEWe4Q
1018,Avanti Food & Beverage,Denver,2,4,oJc3khNkjW3aAQZDMEWe4Q
1019,Avanti Food & Beverage,Denver,2,4,oJc3khNkjW3aAQZDMEWe4Q
1020,Guard and Grace,Denver,3,5,EjNI-dNAMrYxKgUIkqeqhg
1021,Guard and Grace,Denver,3,5,EjNI-dNAMrYxKgUIkqeqhg
1022,Guard and Grace,Denver,3,5,EjNI-dNAMrYxKgUIkqeqhg
1023,ChoLon Modern Asian - Downtown,Denver,3,5,9UYPzrky0DmOHFW-BkItIg
1024,ChoLon Modern Asian - Downtown,Denver,3,4,9UYPzrky0DmOHFW-BkItIg
1025,ChoLon Modern Asian - Downtown,Denver,3,5,9UYPzrky0DmOHFW-BkItIg
1026,Chop Shop Casual Urban Eatery Colfax,Denver,2,5,Kjmtip2htzyZNjXbegxfYg
1027,Chop Shop Casual Urban Eatery Colfax,Denver,2,5,Kjmtip2htzyZNjXbegxfYg
1028,Chop Shop Casual Urban Eatery Colfax,Denver,2,5,Kjmtip2htzyZNjXbegxfYg
1029,Stout Street Social,Denver,2,4,k1mGLPBSaUhZKem1KrXLJQ
1030,Stout Street Social,Denver,2,3,k1mGLPBSaUhZKem1KrXLJQ
1031,Stout Street Social,Denver,2,5,k1mGLPBSaUhZKem1KrXLJQ
1032,Acorn - Denver,Denver,2,5,guaRJIAwPzbHZ09G3hX31g
1033,Acorn - Denver,Denver,2,4,guaRJIAwPzbHZ09G3hX31g
1034,Acorn - Denver,Denver,2,5,guaRJIAwPzbHZ09G3hX31g
1035,Tacos Tequila Whiskey,Denver,2,5,EwiMXeyrGX5IPGJZAXuQdg
1036,Tacos Tequila Whiskey,Denver,2,2,EwiMXeyrGX5IPGJZAXuQdg
1037,Tacos Tequila Whiskey,Denver,2,4,EwiMXeyrGX5IPGJZAXuQdg
1038,Yard House - Takeout & Delivery Available,Denver,2,5,Z7nazPnqUFxxdsgDIYNbng
1039,Yard House - Takeout & Delivery Available,Denver,2,4,Z7nazPnqUFxxdsgDIYNbng
1040,Yard House - Takeout & Delivery Available,Denver,2,3,Z7nazPnqUFxxdsgDIYNbng
1041,The Mediterranean Restaurant,Denver,2,5,txsKQxe60D1y6KW1Ctu9XQ
1042,The Mediterranean Restaurant,Denver,2,4,txsKQxe60D1y6KW1Ctu9XQ
1043,The Mediterranean Restaurant,Denver,2,5,txsKQxe60D1y6KW1Ctu9XQ
1044,Panzano,Denver,3,5,pnY1m8aBusUCqgD1rUcLyw
1045,Panzano,Denver,3,5,pnY1m8aBusUCqgD1rUcLyw
1046,Panzano,Denver,3,4,pnY1m8aBusUCqgD1rUcLyw
1047,"Snooze, An A.M. Eatery",Denver,2,5,hWdupym3JerJ2p_-wRj00A
1048,"Snooze, An A.M. Eatery",Denver,2,5,hWdupym3JerJ2p_-wRj00A
1049,"Snooze, An A.M. Eatery",Denver,2,5,hWdupym3JerJ2p_-wRj00A
1050,Domo Japanese Country Foods Restaurant,Denver,2,5,uQHA20detCZGZJCS4tQkGg
1051,Domo Japanese Country Foods Restaurant,Denver,2,1,uQHA20detCZGZJCS4tQkGg
1052,Domo Japanese Country Foods Restaurant,Denver,2,3,uQHA20detCZGZJCS4tQkGg
1053,Angelo’s Taverna,Denver,2,5,i8VF3q7dTszCcigJSMcJzQ
1054,Angelo’s Taverna,Denver,2,4,i8VF3q7dTszCcigJSMcJzQ
1055,Angelo’s Taverna,Denver,2,3,i8VF3q7dTszCcigJSMcJzQ
1056,Great Divide Brewing Company,Denver,1,5,DNKucP0SZ7ea-nOZgetFhg
1057,Great Divide Brewing Company,Denver,1,4,DNKucP0SZ7ea-nOZgetFhg
1058,Great Divide Brewing Company,Denver,1,4,DNKucP0SZ7ea-nOZgetFhg
1059,Jerusalem Restaurant,Denver,2,5,eb_N5V7qKMVPB-ocxwo-Xg
1060,Jerusalem Restaurant,Denver,2,3,eb_N5V7qKMVPB-ocxwo-Xg
1061,Jerusalem Restaurant,Denver,2,5,eb_N5V7qKMVPB-ocxwo-Xg
1062,"Sassafras American Eatery, Highlands",Denver,2,5,rGBB9pvKmVWKOOjdd39GLg
1063,"Sassafras American Eatery, Highlands",Denver,2,2,rGBB9pvKmVWKOOjdd39GLg
1064,"Sassafras American Eatery, Highlands",Denver,2,2,rGBB9pvKmVWKOOjdd39GLg
1065,Brasserie Ten Ten,Denver,2,5,8zehGz9jnxPqXtOc7KaJxA
1066,Brasserie Ten Ten,Denver,2,4,8zehGz9jnxPqXtOc7KaJxA
1067,Brasserie Ten Ten,Denver,2,5,8zehGz9jnxPqXtOc7KaJxA
1068,Ophelia's Electric Soapbox,Denver,2,5,tnXYXUAoYnfE_Gvh0IiIQg
1069,Ophelia's Electric Soapbox,Denver,2,3,tnXYXUAoYnfE_Gvh0IiIQg
1070,Ophelia's Electric Soapbox,Denver,2,4,tnXYXUAoYnfE_Gvh0IiIQg
1071,Vesta,Denver,3,5,UTV40d3C0P7vfUUqmPl3vA
1072,Vesta,Denver,3,4,UTV40d3C0P7vfUUqmPl3vA
1073,Vesta,Denver,3,5,UTV40d3C0P7vfUUqmPl3vA
1074,Blue Sushi Sake Grill,Denver,2,5,BKRLsUCryeR1JJtyGVWW_g
1075,Blue Sushi Sake Grill,Denver,2,4,BKRLsUCryeR1JJtyGVWW_g
1076,Blue Sushi Sake Grill,Denver,2,4,BKRLsUCryeR1JJtyGVWW_g
1077,Lucile's Creole Cafe,Denver,2,5,tFlkmpRhO-eXjVkjU0tVuw
1078,Lucile's Creole Cafe,Denver,2,2,tFlkmpRhO-eXjVkjU0tVuw
1079,Lucile's Creole Cafe,Denver,2,5,tFlkmpRhO-eXjVkjU0tVuw
1080,Freshcraft,Denver,2,4,zhsiD46GZOGjgW9OuRaF6g
1081,Freshcraft,Denver,2,2,zhsiD46GZOGjgW9OuRaF6g
1082,Freshcraft,Denver,2,5,zhsiD46GZOGjgW9OuRaF6g
1083,Pappadeaux Seafood Kitchen,Denver,2,5,7mGLe0ePecjoFT1f7SFrdA
1084,Pappadeaux Seafood Kitchen,Denver,2,4,7mGLe0ePecjoFT1f7SFrdA
1085,Pappadeaux Seafood Kitchen,Denver,2,4,7mGLe0ePecjoFT1f7SFrdA
1086,TAG Restaurant,Denver,3,5,tW39sjRfqxlm5krBSWzGCw
1087,TAG Restaurant,Denver,3,2,tW39sjRfqxlm5krBSWzGCw
1088,TAG Restaurant,Denver,3,1,tW39sjRfqxlm5krBSWzGCw
1089,Toast,Denver,2,5,-au1TI8MJWB1x4UQPJXZ2g
1090,Toast,Denver,2,1,-au1TI8MJWB1x4UQPJXZ2g
1091,Toast,Denver,2,4,-au1TI8MJWB1x4UQPJXZ2g
1092,Beatrice & Woodsley,Denver,2,5,dKoNTRBls15d88pVqoGJFQ
1093,Beatrice & Woodsley,Denver,2,3,dKoNTRBls15d88pVqoGJFQ
1094,Beatrice & Woodsley,Denver,2,1,dKoNTRBls15d88pVqoGJFQ
1095,Vine Street Pub & Brewery,Denver,2,5,u0lEXYd_cdf2_Zg99rSM9w
1096,Vine Street Pub & Brewery,Denver,2,3,u0lEXYd_cdf2_Zg99rSM9w
1097,Vine Street Pub & Brewery,Denver,2,4,u0lEXYd_cdf2_Zg99rSM9w
1098,Hops & Pie,Denver,2,5,7Wb-Y0dxakfRkLTAIG4Bmw
1099,Hops & Pie,Denver,2,5,7Wb-Y0dxakfRkLTAIG4Bmw
1100,Hops & Pie,Denver,2,5,7Wb-Y0dxakfRkLTAIG4Bmw
1101,Sweet Action Ice Cream,Denver,2,5,79Sr9y4YiaHsS3-WE3-YGA
1102,Sweet Action Ice Cream,Denver,2,5,79Sr9y4YiaHsS3-WE3-YGA
1103,Sweet Action Ice Cream,Denver,2,3,79Sr9y4YiaHsS3-WE3-YGA
1104,Star Kitchen,Denver,2,5,fXA9hf0IfVRtvSEc9mxnPw
1105,Star Kitchen,Denver,2,5,fXA9hf0IfVRtvSEc9mxnPw
1106,Star Kitchen,Denver,2,1,fXA9hf0IfVRtvSEc9mxnPw
1107,Farmhouse at Breckenridge Brewery,Denver,2,4,H09TzbRmWinILqdDESHw0w
1108,Farmhouse at Breckenridge Brewery,Denver,2,4,H09TzbRmWinILqdDESHw0w
1109,Farmhouse at Breckenridge Brewery,Denver,2,4,H09TzbRmWinILqdDESHw0w
1110,Highland Tap and Burger,Denver,2,4,3c33ZacI9l5g6c3OCADMaw
1111,Highland Tap and Burger,Denver,2,3,3c33ZacI9l5g6c3OCADMaw
1112,Highland Tap and Burger,Denver,2,3,3c33ZacI9l5g6c3OCADMaw
1113,Jax Fish House LoDo,Denver,2,5,lqNe_QMrAyZLnEr06F9S_w
1114,Jax Fish House LoDo,Denver,2,4,lqNe_QMrAyZLnEr06F9S_w
1115,Jax Fish House LoDo,Denver,2,4,lqNe_QMrAyZLnEr06F9S_w
1116,Tamayo,Denver,2,4,9ZA3ixRK1v0pu_RCo-XGmw
1117,Tamayo,Denver,2,3,9ZA3ixRK1v0pu_RCo-XGmw
1118,Tamayo,Denver,2,5,9ZA3ixRK1v0pu_RCo-XGmw
1119,Tupelo Honey,Denver,2,5,d1QB8rraQcNd3QykwaaWLg
1120,Tupelo Honey,Denver,2,5,d1QB8rraQcNd3QykwaaWLg
1121,Tupelo Honey,Denver,2,5,d1QB8rraQcNd3QykwaaWLg
1122,"Sassafras American Eatery, Capitol Hill",Denver,2,5,BtrGu-vCh-KliNJ2OfbDoA
1123,"Sassafras American Eatery, Capitol Hill",Denver,2,4,BtrGu-vCh-KliNJ2OfbDoA
1124,"Sassafras American Eatery, Capitol Hill",Denver,2,5,BtrGu-vCh-KliNJ2OfbDoA
1125,Bacon Social House,Denver,2,5,j5-Ox741AvKMH0jlEUyNhw
1126,Bacon Social House,Denver,2,4,j5-Ox741AvKMH0jlEUyNhw
1127,Bacon Social House,Denver,2,3,j5-Ox741AvKMH0jlEUyNhw
1128,The French Press,Denver,2,5,AShno6aZCnFjVskmeXatpA
1129,The French Press,Denver,2,4,AShno6aZCnFjVskmeXatpA
1130,The French Press,Denver,2,4,AShno6aZCnFjVskmeXatpA
1131,Buckhorn Exchange Restaurant,Denver,3,4,q1vlnz2s5JKrVX9Bs9QOvQ
1132,Buckhorn Exchange Restaurant,Denver,3,3,q1vlnz2s5JKrVX9Bs9QOvQ
1133,Buckhorn Exchange Restaurant,Denver,3,3,q1vlnz2s5JKrVX9Bs9QOvQ
1134,Hopdoddy Burger Bar,Denver,2,5,mzOAkvH-4WIfQuR3uCs87g
1135,Hopdoddy Burger Bar,Denver,2,2,mzOAkvH-4WIfQuR3uCs87g
1136,Hopdoddy Burger Bar,Denver,2,5,mzOAkvH-4WIfQuR3uCs87g
1137,FelFel Mediterranean,Denver,2,5,ywFp09OMIonOPfZ-BrY9oQ
1138,FelFel Mediterranean,Denver,2,4,ywFp09OMIonOPfZ-BrY9oQ
1139,FelFel Mediterranean,Denver,2,4,ywFp09OMIonOPfZ-BrY9oQ
1140,Odyssey Italian Restaurant,Denver,2,5,jVOAZe9L3Kwx9Ze-UhT3_w
1141,Odyssey Italian Restaurant,Denver,2,5,jVOAZe9L3Kwx9Ze-UhT3_w
1142,Odyssey Italian Restaurant,Denver,2,1,jVOAZe9L3Kwx9Ze-UhT3_w
1143,"Tocabe, An American Indian Eatery",Denver,1,5,fsCyPEoNs1XP5mc57eAzSA
1144,"Tocabe, An American Indian Eatery",Denver,1,4,fsCyPEoNs1XP5mc57eAzSA
1145,"Tocabe, An American Indian Eatery",Denver,1,5,fsCyPEoNs1XP5mc57eAzSA
1146,D Bar Denver,Denver,2,5,OgVfMvYT-omfqwOwLP2V5w
1147,D Bar Denver,Denver,2,4,OgVfMvYT-omfqwOwLP2V5w
1148,D Bar Denver,Denver,2,4,OgVfMvYT-omfqwOwLP2V5w
1149,Ocean Prime,Denver,3,5,Ccq-R-tKcwvdl0oAYcP3cw
1150,Ocean Prime,Denver,3,3,Ccq-R-tKcwvdl0oAYcP3cw
1151,Ocean Prime,Denver,3,5,Ccq-R-tKcwvdl0oAYcP3cw
1152,"Snooze, An A.M. Eatery",Denver,2,5,YtNH18ZyNAQS8F96vZAgsQ
1153,"Snooze, An A.M. Eatery",Denver,2,5,YtNH18ZyNAQS8F96vZAgsQ
1154,"Snooze, An A.M. Eatery",Denver,2,5,YtNH18ZyNAQS8F96vZAgsQ
1155,Frijoles Colorado Cuban Cafe,Denver,2,5,NuyBSa9B76BeK54eAbYdxA
1156,Frijoles Colorado Cuban Cafe,Denver,2,5,NuyBSa9B76BeK54eAbYdxA
1157,Frijoles Colorado Cuban Cafe,Denver,2,4,NuyBSa9B76BeK54eAbYdxA
1158,Shells & Sauce,Denver,2,5,7UWt_282vPsGQPtrquRR9Q
1159,Shells & Sauce,Denver,2,5,7UWt_282vPsGQPtrquRR9Q
1160,Shells & Sauce,Denver,2,4,7UWt_282vPsGQPtrquRR9Q
1161,Yak and Yeti Restaurant and Brewpub,Denver,2,5,_0GPdu5GeDnVlArKf2KxZQ
1162,Yak and Yeti Restaurant and Brewpub,Denver,2,5,_0GPdu5GeDnVlArKf2KxZQ
1163,Yak and Yeti Restaurant and Brewpub,Denver,2,5,_0GPdu5GeDnVlArKf2KxZQ
1164,Rolls by Chubby Cattle,Denver,2,5,ewCTNd0cUPMY32kD5opphw
1165,Rolls by Chubby Cattle,Denver,2,3,ewCTNd0cUPMY32kD5opphw
1166,Rolls by Chubby Cattle,Denver,2,3,ewCTNd0cUPMY32kD5opphw
1167,Denver Biscuit Co.,Denver,2,5,8tqTG4DH95MMxbIvzRymAg
1168,Denver Biscuit Co.,Denver,2,1,8tqTG4DH95MMxbIvzRymAg
1169,Denver Biscuit Co.,Denver,2,5,8tqTG4DH95MMxbIvzRymAg
1170,Appaloosa Grill,Denver,2,5,psESMQAg6u2MNnY5DzGcDQ
1171,Appaloosa Grill,Denver,2,4,psESMQAg6u2MNnY5DzGcDQ
1172,Appaloosa Grill,Denver,2,3,psESMQAg6u2MNnY5DzGcDQ
1173,Torchy's Tacos,Denver,1,4,73Ja5cgTgZuJgUEg91ntoQ
1174,Torchy's Tacos,Denver,1,5,73Ja5cgTgZuJgUEg91ntoQ
1175,Torchy's Tacos,Denver,1,2,73Ja5cgTgZuJgUEg91ntoQ
1176,Fruition Restaurant,Denver,3,5,A9S4iGkRVNLWY8BSkRpDEA
1177,Fruition Restaurant,Denver,3,4,A9S4iGkRVNLWY8BSkRpDEA
1178,Fruition Restaurant,Denver,3,1,A9S4iGkRVNLWY8BSkRpDEA
1179,Woody's Woodfired Pizza & Watering Hole,Denver,2,5,OKX71H8XU_NTmZ-2OGlxkg
1180,Woody's Woodfired Pizza & Watering Hole,Denver,2,5,OKX71H8XU_NTmZ-2OGlxkg
1181,Woody's Woodfired Pizza & Watering Hole,Denver,2,5,OKX71H8XU_NTmZ-2OGlxkg
1182,The Corner Office,Denver,2,4,DJxElSih4k11KB2Hnb-dVg
1183,The Corner Office,Denver,2,1,DJxElSih4k11KB2Hnb-dVg
1184,The Corner Office,Denver,2,1,DJxElSih4k11KB2Hnb-dVg
1185,Denver Biscuit Co.,Denver,2,5,aAqPeGT7LyaJuGmD3HrWhg
1186,Denver Biscuit Co.,Denver,2,3,aAqPeGT7LyaJuGmD3HrWhg
1187,Denver Biscuit Co.,Denver,2,5,aAqPeGT7LyaJuGmD3HrWhg
1188,Williams & Graham,Denver,2,5,gGXnG-Rf5UUr6wT8krXT5w
1189,Williams & Graham,Denver,2,5,gGXnG-Rf5UUr6wT8krXT5w
1190,Williams & Graham,Denver,2,4,gGXnG-Rf5UUr6wT8krXT5w
1191,Ale House,Denver,2,5,1PVAG6T--TiYCWzDsCPgKQ
1192,Ale House,Denver,2,2,1PVAG6T--TiYCWzDsCPgKQ
1193,Ale House,Denver,2,5,1PVAG6T--TiYCWzDsCPgKQ
1194,The Kitchen,Denver,3,5,YHPemo9azJfd9xqLGTDurQ
1195,The Kitchen,Denver,3,2,YHPemo9azJfd9xqLGTDurQ
1196,The Kitchen,Denver,3,4,YHPemo9azJfd9xqLGTDurQ
1197,Park Burger - Platt Park,Denver,2,5,JSNizJSuj0gZ594nBXhVWQ
1198,Park Burger - Platt Park,Denver,2,4,JSNizJSuj0gZ594nBXhVWQ
1199,Park Burger - Platt Park,Denver,2,3,JSNizJSuj0gZ594nBXhVWQ
1200,Mike's Pastry,Boston,1,5,PrsvO1rzkgg6qFizlAoEtg
1201,Mike's Pastry,Boston,1,4,PrsvO1rzkgg6qFizlAoEtg
1202,Mike's Pastry,Boston,1,1,PrsvO1rzkgg6qFizlAoEtg
1203,Neptune Oyster,Boston,3,5,y2w6rFaO0XEiG5mFfOsiFA
1204,Neptune Oyster,Boston,3,1,y2w6rFaO0XEiG5mFfOsiFA
1205,Neptune Oyster,Boston,3,5,y2w6rFaO0XEiG5mFfOsiFA
1206,Giacomo's Ristorante - Boston,Boston,2,5,2u_w3rthRzR2uEihW5BC4A
1207,Giacomo's Ristorante - Boston,Boston,2,4,2u_w3rthRzR2uEihW5BC4A
1208,Giacomo's Ristorante - Boston,Boston,2,3,2u_w3rthRzR2uEihW5BC4A
1209,Union Oyster House,Boston,2,5,Ruq91rmQNweZ78TzKylQMg
1210,Union Oyster House,Boston,2,2,Ruq91rmQNweZ78TzKylQMg
1211,Union Oyster House,Boston,2,3,Ruq91rmQNweZ78TzKylQMg
1212,Island Creek Oyster Bar,Boston,3,5,VnuD2cojPTWd3nIHQjnL8w
1213,Island Creek Oyster Bar,Boston,3,3,VnuD2cojPTWd3nIHQjnL8w
1214,Island Creek Oyster Bar,Boston,3,5,VnuD2cojPTWd3nIHQjnL8w
1215,Atlantic Fish Co,Boston,3,5,AGR_kBvN__I7aTl0rBywAg
1216,Atlantic Fish Co,Boston,3,5,AGR_kBvN__I7aTl0rBywAg
1217,Atlantic Fish Co,Boston,3,4,AGR_kBvN__I7aTl0rBywAg
1218,Top of the Hub,Boston,3,5,Ug6ngfzLT_cPzSttve1OzQ
1219,Top of the Hub,Boston,3,4,Ug6ngfzLT_cPzSttve1OzQ
1220,Top of the Hub,Boston,3,5,Ug6ngfzLT_cPzSttve1OzQ
1221,The Beehive,Boston,2,5,367aDatN4B0UNT4hNPMqPQ
1222,The Beehive,Boston,2,3,367aDatN4B0UNT4hNPMqPQ
1223,The Beehive,Boston,2,4,367aDatN4B0UNT4hNPMqPQ
1224,Lolita Cocina & Tequila Bar Back Bay,Boston,2,4,u51e3gychuqBYNqe2xG6_w
1225,Lolita Cocina & Tequila Bar Back Bay,Boston,2,3,u51e3gychuqBYNqe2xG6_w
1226,Lolita Cocina & Tequila Bar Back Bay,Boston,2,5,u51e3gychuqBYNqe2xG6_w
1227,Barking Crab,Boston,2,5,oz882XuZCxajKo64Opgq_Q
1228,Barking Crab,Boston,2,3,oz882XuZCxajKo64Opgq_Q
1229,Barking Crab,Boston,2,3,oz882XuZCxajKo64Opgq_Q
1230,Carmelina's,Boston,2,5,kP1b-7BO_VhWk_0tvuA_tw
1231,Carmelina's,Boston,2,3,kP1b-7BO_VhWk_0tvuA_tw
1232,Carmelina's,Boston,2,5,kP1b-7BO_VhWk_0tvuA_tw
1233,Toro,Boston,3,5,NYa-JphaaB41ElGsb3iawA
1234,Toro,Boston,3,3,NYa-JphaaB41ElGsb3iawA
1235,Toro,Boston,3,2,NYa-JphaaB41ElGsb3iawA
1236,Gaslight,Boston,2,4,5TsjdwNt10gxGChQtGGpdg
1237,Gaslight,Boston,2,1,5TsjdwNt10gxGChQtGGpdg
1238,Gaslight,Boston,2,3,5TsjdwNt10gxGChQtGGpdg
1239,Regina Pizzeria,Boston,2,5,htEuhPBhBgMs6ShlT3G3JA
1240,Regina Pizzeria,Boston,2,4,htEuhPBhBgMs6ShlT3G3JA
1241,Regina Pizzeria,Boston,2,5,htEuhPBhBgMs6ShlT3G3JA
1242,Modern Pastry Shop,Boston,1,5,54ElwAyN-o8e4uvOkC85hw
1243,Modern Pastry Shop,Boston,1,4,54ElwAyN-o8e4uvOkC85hw
1244,Modern Pastry Shop,Boston,1,5,54ElwAyN-o8e4uvOkC85hw
1245,Gourmet Dumpling House,Boston,2,5,AkaYjquGGgmjvmnii8eELQ
1246,Gourmet Dumpling House,Boston,2,4,AkaYjquGGgmjvmnii8eELQ
1247,Gourmet Dumpling House,Boston,2,4,AkaYjquGGgmjvmnii8eELQ
1248,Russell House Tavern,Boston,2,4,_9ZZv5V-uM5BXx3P-HslIw
1249,Russell House Tavern,Boston,2,2,_9ZZv5V-uM5BXx3P-HslIw
1250,Russell House Tavern,Boston,2,2,_9ZZv5V-uM5BXx3P-HslIw
1251,The Friendly Toast- Cambridge,Boston,2,4,yx4IYpg9MGbrVqNdZwXX_A
1252,The Friendly Toast- Cambridge,Boston,2,3,yx4IYpg9MGbrVqNdZwXX_A
1253,The Friendly Toast- Cambridge,Boston,2,2,yx4IYpg9MGbrVqNdZwXX_A
1254,Eastern Standard Kitchen & Drinks,Boston,3,5,p8ohzzGvGRCHnJKnyO7exA
1255,Eastern Standard Kitchen & Drinks,Boston,3,5,p8ohzzGvGRCHnJKnyO7exA
1256,Eastern Standard Kitchen & Drinks,Boston,3,3,p8ohzzGvGRCHnJKnyO7exA
1257,Border Café,Boston,2,5,pvlM--HZY1a8SqMXiwEz1A
1258,Border Café,Boston,2,1,pvlM--HZY1a8SqMXiwEz1A
1259,Border Café,Boston,2,4,pvlM--HZY1a8SqMXiwEz1A
1260,Trident Booksellers & Café,Boston,2,4,8-2kX5Xl3zgfW-tb8eWzhQ
1261,Trident Booksellers & Café,Boston,2,4,8-2kX5Xl3zgfW-tb8eWzhQ
1262,Trident Booksellers & Café,Boston,2,3,8-2kX5Xl3zgfW-tb8eWzhQ
1263,Luke's Lobster Back Bay,Boston,2,5,i6uHrxuS1D_6V8WhaWLy5A
1264,Luke's Lobster Back Bay,Boston,2,4,i6uHrxuS1D_6V8WhaWLy5A
1265,Luke's Lobster Back Bay,Boston,2,4,i6uHrxuS1D_6V8WhaWLy5A
1266,Redbones BBQ,Boston,2,5,FmAIHFqUBNkCw3YBCRQLmQ
1267,Redbones BBQ,Boston,2,4,FmAIHFqUBNkCw3YBCRQLmQ
1268,Redbones BBQ,Boston,2,4,FmAIHFqUBNkCw3YBCRQLmQ
1269,Yankee Lobster,Boston,2,5,h4Un3Tw0yKn7uCLseO7Bvg
1270,Yankee Lobster,Boston,2,5,h4Un3Tw0yKn7uCLseO7Bvg
1271,Yankee Lobster,Boston,2,5,h4Un3Tw0yKn7uCLseO7Bvg
1272,Toscanini's Ice Cream,Boston,2,5,u1Xq93R4LQ2VV2hK8MK5Wg
1273,Toscanini's Ice Cream,Boston,2,4,u1Xq93R4LQ2VV2hK8MK5Wg
1274,Toscanini's Ice Cream,Boston,2,5,u1Xq93R4LQ2VV2hK8MK5Wg
1275,Mike & Patty's,Boston,1,5,EbUZhM4fLpsWQ8fpBhhgEQ
1276,Mike & Patty's,Boston,1,3,EbUZhM4fLpsWQ8fpBhhgEQ
1277,Mike & Patty's,Boston,1,4,EbUZhM4fLpsWQ8fpBhhgEQ
1278,The Salty Pig,Boston,2,5,t_FFcwUutj9mIYKGw_gHsQ
1279,The Salty Pig,Boston,2,4,t_FFcwUutj9mIYKGw_gHsQ
1280,The Salty Pig,Boston,2,5,t_FFcwUutj9mIYKGw_gHsQ
1281,Myers & Chang,Boston,2,5,72PQGMhrEcIuWH-S44TprA
1282,Myers & Chang,Boston,2,4,72PQGMhrEcIuWH-S44TprA
1283,Myers & Chang,Boston,2,4,72PQGMhrEcIuWH-S44TprA
1284,The Daily Catch,Boston,2,5,uXOVFQraz1va1TrtgiqYTg
1285,The Daily Catch,Boston,2,5,uXOVFQraz1va1TrtgiqYTg
1286,The Daily Catch,Boston,2,4,uXOVFQraz1va1TrtgiqYTg
1287,The Friendly Toast,Boston,2,5,xlOMKjE4omTgkI1eduWj8A
1288,The Friendly Toast,Boston,2,4,xlOMKjE4omTgkI1eduWj8A
1289,The Friendly Toast,Boston,2,4,xlOMKjE4omTgkI1eduWj8A
1290,The Paramount,Boston,2,4,sRNcBkZrs2bOrijfElHVyQ
1291,The Paramount,Boston,2,4,sRNcBkZrs2bOrijfElHVyQ
1292,The Paramount,Boston,2,4,sRNcBkZrs2bOrijfElHVyQ
1293,Max Brenner - Boston,Boston,2,5,BVmai7GjUgVXpgCPYDLlrw
1294,Max Brenner - Boston,Boston,2,3,BVmai7GjUgVXpgCPYDLlrw
1295,Max Brenner - Boston,Boston,2,3,BVmai7GjUgVXpgCPYDLlrw
1296,Drink,Boston,3,5,rcn3L8ZeQebdG0K1RSRKXQ
1297,Drink,Boston,3,5,rcn3L8ZeQebdG0K1RSRKXQ
1298,Drink,Boston,3,5,rcn3L8ZeQebdG0K1RSRKXQ
1299,Zaftigs Delicatessen - Brookline,Boston,2,5,gxNxT-sk72z9ja6QNYnEHw
1300,Zaftigs Delicatessen - Brookline,Boston,2,2,gxNxT-sk72z9ja6QNYnEHw
1301,Zaftigs Delicatessen - Brookline,Boston,2,4,gxNxT-sk72z9ja6QNYnEHw
1302,Sweet Cheeks Q,Boston,2,4,7B9dJn1uWTv9QPnFcDwaXw
1303,Sweet Cheeks Q,Boston,2,3,7B9dJn1uWTv9QPnFcDwaXw
1304,Sweet Cheeks Q,Boston,2,4,7B9dJn1uWTv9QPnFcDwaXw
1305,Stephanie's On Newbury,Boston,3,5,1E_JFdI6HfEhh3T_qvO_jw
1306,Stephanie's On Newbury,Boston,3,2,1E_JFdI6HfEhh3T_qvO_jw
1307,Stephanie's On Newbury,Boston,3,3,1E_JFdI6HfEhh3T_qvO_jw
1308,Oleana Restaurant,Boston,3,5,kLr68qdt6nutZCuCMz5mDg
1309,Oleana Restaurant,Boston,3,3,kLr68qdt6nutZCuCMz5mDg
1310,Oleana Restaurant,Boston,3,5,kLr68qdt6nutZCuCMz5mDg
1311,Harpoon Brewery,Boston,1,5,FYDP6p5G9ZcI4UW7inh88A
1312,Harpoon Brewery,Boston,1,4,FYDP6p5G9ZcI4UW7inh88A
1313,Harpoon Brewery,Boston,1,4,FYDP6p5G9ZcI4UW7inh88A
1314,Row 34,Boston,3,5,yBIN7uSzd5saehWA1I_GBw
1315,Row 34,Boston,3,4,yBIN7uSzd5saehWA1I_GBw
1316,Row 34,Boston,3,3,yBIN7uSzd5saehWA1I_GBw
1317,Samuel Adams Brewery,Boston,1,5,VImbIWfxODVsiRHebSQePw
1318,Samuel Adams Brewery,Boston,1,5,VImbIWfxODVsiRHebSQePw
1319,Samuel Adams Brewery,Boston,1,4,VImbIWfxODVsiRHebSQePw
1320,La Famiglia Giorgio's,Boston,2,5,gfok4Hsdqt6wSqJhY2QM6g
1321,La Famiglia Giorgio's,Boston,2,5,gfok4Hsdqt6wSqJhY2QM6g
1322,La Famiglia Giorgio's,Boston,2,5,gfok4Hsdqt6wSqJhY2QM6g
1323,Life Alive,Boston,2,5,n4w8EfGk828qQehX9JSehQ
1324,Life Alive,Boston,2,5,n4w8EfGk828qQehX9JSehQ
1325,Life Alive,Boston,2,1,n4w8EfGk828qQehX9JSehQ
1326,Parish Cafe and Bar,Boston,2,4,_QUh5vFHSuw8R_uiFZ7XKQ
1327,Parish Cafe and Bar,Boston,2,3,_QUh5vFHSuw8R_uiFZ7XKQ
1328,Parish Cafe and Bar,Boston,2,1,_QUh5vFHSuw8R_uiFZ7XKQ
1329,Legal Harborside,Boston,3,4,et8Pwzjy2vjRhETAgEZ1Lg
1330,Legal Harborside,Boston,3,4,et8Pwzjy2vjRhETAgEZ1Lg
1331,Legal Harborside,Boston,3,4,et8Pwzjy2vjRhETAgEZ1Lg
1332,Bostonia Public House,Boston,2,5,xZ22_0eJOgaiKqIhoSHrPw
1333,Bostonia Public House,Boston,2,4,xZ22_0eJOgaiKqIhoSHrPw
1334,Bostonia Public House,Boston,2,5,xZ22_0eJOgaiKqIhoSHrPw
1335,Abe & Louie's,Boston,3,5,ooaCl61BsK7kJlZnYOq0UQ
1336,Abe & Louie's,Boston,3,4,ooaCl61BsK7kJlZnYOq0UQ
1337,Abe & Louie's,Boston,3,5,ooaCl61BsK7kJlZnYOq0UQ
1338,Barcelona Wine Bar,Boston,3,5,ck8Id2EaJ20Alj0N8UMvBQ
1339,Barcelona Wine Bar,Boston,3,5,ck8Id2EaJ20Alj0N8UMvBQ
1340,Barcelona Wine Bar,Boston,3,5,ck8Id2EaJ20Alj0N8UMvBQ
1341,Legal Sea Foods,Boston,3,4,VDmV3tPEQqFxzqQJRJazNw
1342,Legal Sea Foods,Boston,3,2,VDmV3tPEQqFxzqQJRJazNw
1343,Legal Sea Foods,Boston,3,5,VDmV3tPEQqFxzqQJRJazNw
1344,Craigie On Main,Boston,4,5,58cDJU4cub1o0o0B4h9GrA
1345,Craigie On Main,Boston,4,2,58cDJU4cub1o0o0B4h9GrA
1346,Craigie On Main,Boston,4,2,58cDJU4cub1o0o0B4h9GrA
1347,Pho Pasteur,Boston,1,4,BBblBHBnjpepOP1Q1kfi1A
1348,Pho Pasteur,Boston,1,4,BBblBHBnjpepOP1Q1kfi1A
1349,Pho Pasteur,Boston,1,4,BBblBHBnjpepOP1Q1kfi1A
1350,Marliave,Boston,3,4,9m678PeuzwYamIf6sysUHg
1351,Marliave,Boston,3,5,9m678PeuzwYamIf6sysUHg
1352,Marliave,Boston,3,2,9m678PeuzwYamIf6sysUHg
1353,Sonsie,Boston,2,4,gOjh7RMDZDn4h-QmwnAseA
1354,Sonsie,Boston,2,3,gOjh7RMDZDn4h-QmwnAseA
1355,Sonsie,Boston,2,1,gOjh7RMDZDn4h-QmwnAseA
1356,Café Luna,Boston,2,5,bul_5Ahk_QYLUAJ4Od27jg
1357,Café Luna,Boston,2,5,bul_5Ahk_QYLUAJ4Od27jg
1358,Café Luna,Boston,2,5,bul_5Ahk_QYLUAJ4Od27jg
1359,Panza,Boston,2,4,T4nEmSQNeTKnNgcHpnvH0A
1360,Panza,Boston,2,5,T4nEmSQNeTKnNgcHpnvH0A
1361,Panza,Boston,2,4,T4nEmSQNeTKnNgcHpnvH0A
1362,Giacomo's,Boston,2,4,q5HPp961WsjoVDaOmN8SwQ
1363,Giacomo's,Boston,2,5,q5HPp961WsjoVDaOmN8SwQ
1364,Giacomo's,Boston,2,5,q5HPp961WsjoVDaOmN8SwQ
1365,Alden & Harlow,Boston,3,5,lad_3DljDhzE61u_GbseTA
1366,Alden & Harlow,Boston,3,5,lad_3DljDhzE61u_GbseTA
1367,Alden & Harlow,Boston,3,3,lad_3DljDhzE61u_GbseTA
1368,Veggie Galaxy,Boston,2,5,qw5gR8vW7mSOK4VROSwdMA
1369,Veggie Galaxy,Boston,2,4,qw5gR8vW7mSOK4VROSwdMA
1370,Veggie Galaxy,Boston,2,4,qw5gR8vW7mSOK4VROSwdMA
1371,Saus,Boston,2,5,VFvCFOYtyK9ae4Skxvf3vA
1372,Saus,Boston,2,2,VFvCFOYtyK9ae4Skxvf3vA
1373,Saus,Boston,2,4,VFvCFOYtyK9ae4Skxvf3vA
1374,Mr. Bartley's Gourmet Burgers,Boston,2,4,hzSyQBWeoX94WOpUtxuWVg
1375,Mr. Bartley's Gourmet Burgers,Boston,2,1,hzSyQBWeoX94WOpUtxuWVg
1376,Mr. Bartley's Gourmet Burgers,Boston,2,4,hzSyQBWeoX94WOpUtxuWVg
1377,Santarpio's Pizza,Boston,2,5,6fF-nAA2AWTPYF2vlOzqtg
1378,Santarpio's Pizza,Boston,2,5,6fF-nAA2AWTPYF2vlOzqtg
1379,Santarpio's Pizza,Boston,2,5,6fF-nAA2AWTPYF2vlOzqtg
1380,Santouka Harvard Square,Boston,2,5,mNjI-BGs-FMaZCdwgP_8uA
1381,Santouka Harvard Square,Boston,2,4,mNjI-BGs-FMaZCdwgP_8uA
1382,Santouka Harvard Square,Boston,2,1,mNjI-BGs-FMaZCdwgP_8uA
1383,James Hook & Co,Boston,2,5,cg8mfYBkdhaPrvEVblm7gQ
1384,James Hook & Co,Boston,2,5,cg8mfYBkdhaPrvEVblm7gQ
1385,James Hook & Co,Boston,2,5,cg8mfYBkdhaPrvEVblm7gQ
1386,Highland Kitchen,Boston,2,5,K-b5yxnXAc4cD_4YYHJ-vg
1387,Highland Kitchen,Boston,2,4,K-b5yxnXAc4cD_4YYHJ-vg
1388,Highland Kitchen,Boston,2,4,K-b5yxnXAc4cD_4YYHJ-vg
1389,Hei La Moon,Boston,2,4,Lo7ggtNcJH_he6f9osnBfg
1390,Hei La Moon,Boston,2,2,Lo7ggtNcJH_he6f9osnBfg
1391,Hei La Moon,Boston,2,1,Lo7ggtNcJH_he6f9osnBfg
1392,Pho Basil,Boston,2,5,PSp0P_3zWIQabA5HAIJBMQ
1393,Pho Basil,Boston,2,4,PSp0P_3zWIQabA5HAIJBMQ
1394,Pho Basil,Boston,2,4,PSp0P_3zWIQabA5HAIJBMQ
1395,Fugakyu Japanese Cuisine,Boston,2,4,qBDpPs3Wg7EmUI5XGeUEdA
1396,Fugakyu Japanese Cuisine,Boston,2,2,qBDpPs3Wg7EmUI5XGeUEdA
1397,Fugakyu Japanese Cuisine,Boston,2,5,qBDpPs3Wg7EmUI5XGeUEdA
1398,The Publick House,Boston,2,5,rK-fgI2_-x0T4lxwF9L4Ww
1399,The Publick House,Boston,2,5,rK-fgI2_-x0T4lxwF9L4Ww
1400,The Publick House,Boston,2,4,rK-fgI2_-x0T4lxwF9L4Ww
1401,Picco Pizza & Ice Cream,Boston,2,5,1qwxzGRcU1y3tJrsoYQ4Rw
1402,Picco Pizza & Ice Cream,Boston,2,5,1qwxzGRcU1y3tJrsoYQ4Rw
1403,Picco Pizza & Ice Cream,Boston,2,4,1qwxzGRcU1y3tJrsoYQ4Rw
1404,Thinking Cup,Boston,2,5,YPMMkUSAvZX4K-JsUbREyQ
1405,Thinking Cup,Boston,2,4,YPMMkUSAvZX4K-JsUbREyQ
1406,Thinking Cup,Boston,2,4,YPMMkUSAvZX4K-JsUbREyQ
1407,Flour Bakery + Café,Boston,2,5,-5gWvrcKOPmhlcZju3tpbw
1408,Flour Bakery + Café,Boston,2,5,-5gWvrcKOPmhlcZju3tpbw
1409,Flour Bakery + Café,Boston,2,4,-5gWvrcKOPmhlcZju3tpbw
1410,Cuchi Cuchi,Boston,3,5,C7FKNwSUlbUinT9cRSLXHA
1411,Cuchi Cuchi,Boston,3,1,C7FKNwSUlbUinT9cRSLXHA
1412,Cuchi Cuchi,Boston,3,4,C7FKNwSUlbUinT9cRSLXHA
1413,The Pour House,Boston,1,4,yJZkJr3Bb5XqqoRDa22o5A
1414,The Pour House,Boston,1,1,yJZkJr3Bb5XqqoRDa22o5A
1415,The Pour House,Boston,1,4,yJZkJr3Bb5XqqoRDa22o5A
1416,Bova's Bakery,Boston,1,5,rmCkxp9JyXXibMd1S92nXg
1417,Bova's Bakery,Boston,1,4,rmCkxp9JyXXibMd1S92nXg
1418,Bova's Bakery,Boston,1,3,rmCkxp9JyXXibMd1S92nXg
1419,Southern Kin Cookhouse,Boston,2,5,PMnU-trprMtR9p3V_9uXLw
1420,Southern Kin Cookhouse,Boston,2,5,PMnU-trprMtR9p3V_9uXLw
1421,Southern Kin Cookhouse,Boston,2,2,PMnU-trprMtR9p3V_9uXLw
1422,Tasty Burger,Boston,1,5,Hc9l2eLAGTB4lZJI3vRoPw
1423,Tasty Burger,Boston,1,4,Hc9l2eLAGTB4lZJI3vRoPw
1424,Tasty Burger,Boston,1,5,Hc9l2eLAGTB4lZJI3vRoPw
1425,El Pelón Taquería,Boston,1,5,g2BZOLMwHViRf9hsQfKm_w
1426,El Pelón Taquería,Boston,1,5,g2BZOLMwHViRf9hsQfKm_w
1427,El Pelón Taquería,Boston,1,5,g2BZOLMwHViRf9hsQfKm_w
1428,Al Dente Restaurant,Boston,2,5,pOEHpNa4B6oesmr5ltiv8A
1429,Al Dente Restaurant,Boston,2,5,pOEHpNa4B6oesmr5ltiv8A
1430,Al Dente Restaurant,Boston,2,5,pOEHpNa4B6oesmr5ltiv8A
1431,Deep Ellum,Boston,2,5,vdO-x0KEP_c-hFB37viK9w
1432,Deep Ellum,Boston,2,4,vdO-x0KEP_c-hFB37viK9w
1433,Deep Ellum,Boston,2,4,vdO-x0KEP_c-hFB37viK9w
1434,Taiwan Café,Boston,2,5,MnA_dF1xkX-bnLR6hq4EmQ
1435,Taiwan Café,Boston,2,5,MnA_dF1xkX-bnLR6hq4EmQ
1436,Taiwan Café,Boston,2,5,MnA_dF1xkX-bnLR6hq4EmQ
1437,Pauli's,Boston,2,5,HEaQQAH6qyFXamKkpil91A
1438,Pauli's,Boston,2,5,HEaQQAH6qyFXamKkpil91A
1439,Pauli's,Boston,2,4,HEaQQAH6qyFXamKkpil91A
1440,Wahlburgers,Boston,2,4,rrk2huGFrvxUhjr_EpDLcA
1441,Wahlburgers,Boston,2,5,rrk2huGFrvxUhjr_EpDLcA
1442,Wahlburgers,Boston,2,5,rrk2huGFrvxUhjr_EpDLcA
1443,Sound Bites,Boston,2,5,mIZTif2mj2-CozNOOTFFpg
1444,Sound Bites,Boston,2,5,mIZTif2mj2-CozNOOTFFpg
1445,Sound Bites,Boston,2,5,mIZTif2mj2-CozNOOTFFpg
1446,Bonchon - Allston,Boston,2,5,vNlwe5I5XRhdF4S8NZkz0w
1447,Bonchon - Allston,Boston,2,1,vNlwe5I5XRhdF4S8NZkz0w
1448,Bonchon - Allston,Boston,2,1,vNlwe5I5XRhdF4S8NZkz0w
1449,Earls Kitchen + Bar,Boston,2,4,sYhfhua7GWiGLQkIUP_TWQ
1450,Earls Kitchen + Bar,Boston,2,3,sYhfhua7GWiGLQkIUP_TWQ
1451,Earls Kitchen + Bar,Boston,2,4,sYhfhua7GWiGLQkIUP_TWQ
1452,Douzo,Boston,3,4,xFEyKgGkgOycAsJvVsUzVw
1453,Douzo,Boston,3,4,xFEyKgGkgOycAsJvVsUzVw
1454,Douzo,Boston,3,3,xFEyKgGkgOycAsJvVsUzVw
1455,Barcelona Wine Bar South End,Boston,2,5,mP1EdIafQKMuOm9O4PzAfA
1456,Barcelona Wine Bar South End,Boston,2,4,mP1EdIafQKMuOm9O4PzAfA
1457,Barcelona Wine Bar South End,Boston,2,2,mP1EdIafQKMuOm9O4PzAfA
1458,L.A. Burdick Handmade Chocolates,Boston,2,5,gctbL0lDIYIHM6yDn99V-g
1459,L.A. Burdick Handmade Chocolates,Boston,2,3,gctbL0lDIYIHM6yDn99V-g
1460,L.A. Burdick Handmade Chocolates,Boston,2,5,gctbL0lDIYIHM6yDn99V-g
1461,Dali Restaurant & Tapas Bar,Boston,2,5,-I4bxb04YkCSNCbFWto7Gw
1462,Dali Restaurant & Tapas Bar,Boston,2,5,-I4bxb04YkCSNCbFWto7Gw
1463,Dali Restaurant & Tapas Bar,Boston,2,5,-I4bxb04YkCSNCbFWto7Gw
1464,Winsor Dim Sum Café,Boston,2,4,RtY75rfzEP19n9Ou4DSEHQ
1465,Winsor Dim Sum Café,Boston,2,1,RtY75rfzEP19n9Ou4DSEHQ
1466,Winsor Dim Sum Café,Boston,2,3,RtY75rfzEP19n9Ou4DSEHQ
1467,B&G Oysters,Boston,3,5,mxjVk5rvPNhzYe_vt3OSQA
1468,B&G Oysters,Boston,3,4,mxjVk5rvPNhzYe_vt3OSQA
1469,B&G Oysters,Boston,3,3,mxjVk5rvPNhzYe_vt3OSQA
1470,Grill 23 & Bar,Boston,4,5,_98MfEQ67r9-V78gmy8_Pg
1471,Grill 23 & Bar,Boston,4,5,_98MfEQ67r9-V78gmy8_Pg
1472,Grill 23 & Bar,Boston,4,5,_98MfEQ67r9-V78gmy8_Pg
1473,Q Restaurant,Boston,2,5,kb0VfKZKHHhvDze3JZqi0Q
1474,Q Restaurant,Boston,2,3,kb0VfKZKHHhvDze3JZqi0Q
1475,Q Restaurant,Boston,2,3,kb0VfKZKHHhvDze3JZqi0Q
1476,Boston Chowda,Boston,2,5,XNvkDjM6rMnSfzubT32brQ
1477,Boston Chowda,Boston,2,3,XNvkDjM6rMnSfzubT32brQ
1478,Boston Chowda,Boston,2,4,XNvkDjM6rMnSfzubT32brQ
1479,Del Frisco's Double Eagle Steakhouse,Boston,4,5,T1wflZohQRZVb9SKQapfFA
1480,Del Frisco's Double Eagle Steakhouse,Boston,4,1,T1wflZohQRZVb9SKQapfFA
1481,Del Frisco's Double Eagle Steakhouse,Boston,4,1,T1wflZohQRZVb9SKQapfFA
1482,Flour Bakery + Café,Boston,2,5,RjIpiZLefONlg4SfWUjirg
1483,Flour Bakery + Café,Boston,2,5,RjIpiZLefONlg4SfWUjirg
1484,Flour Bakery + Café,Boston,2,5,RjIpiZLefONlg4SfWUjirg
1485,Ball Square Cafe & Breakfast,Boston,2,5,bpRo8dXXY0SlFWIpxoL-sw
1486,Ball Square Cafe & Breakfast,Boston,2,4,bpRo8dXXY0SlFWIpxoL-sw
1487,Ball Square Cafe & Breakfast,Boston,2,3,bpRo8dXXY0SlFWIpxoL-sw
1488,Antico Forno,Boston,2,4,tW09hLpf18PYJxNAvNoCqA
1489,Antico Forno,Boston,2,5,tW09hLpf18PYJxNAvNoCqA
1490,Antico Forno,Boston,2,2,tW09hLpf18PYJxNAvNoCqA
1491,Boston Burger - Boston,Boston,2,5,Dvwj6KWrDZHVQwlSjYS4Iw
1492,Boston Burger - Boston,Boston,2,4,Dvwj6KWrDZHVQwlSjYS4Iw
1493,Boston Burger - Boston,Boston,2,5,Dvwj6KWrDZHVQwlSjYS4Iw
1494,Sam LaGrassa's,Boston,2,5,w2F5N4h26hOrz2KoxThomw
1495,Sam LaGrassa's,Boston,2,5,w2F5N4h26hOrz2KoxThomw
1496,Sam LaGrassa's,Boston,2,5,w2F5N4h26hOrz2KoxThomw
1497,Saltie Girl,Boston,3,5,sA2gVTJOBH7Qk32p48ENdQ
1498,Saltie Girl,Boston,3,4,sA2gVTJOBH7Qk32p48ENdQ
1499,Saltie Girl,Boston,3,5,sA2gVTJOBH7Qk32p48ENdQ
